"filename","seen","type label","subtype label","modifier","transcript","note"
"cpb-aacip-83-074tmx7h_03550580_00004872_00004904.jpg",true,"B","",false,"",""
"cpb-aacip-83-074tmx7h_03550580_00005405_00005405.jpg",true,"B","",false,"",""
"cpb-aacip-83-074tmx7h_03550580_00013186_00013213.jpg",true,"B","",false,"",""
"cpb-aacip-83-074tmx7h_03550580_00021500_00021521.jpg",true,"B","",false,"",""
"cpb-aacip-83-074tmx7h_03550580_00029814_00029829.jpg",true,"B","",false,"",""
"cpb-aacip-83-074tmx7h_03550580_00038128_00038138.jpg",true,"B","",false,"",""
"cpb-aacip-83-074tmx7h_03550580_00046442_00046446.jpg",true,"B","",false,"",""
"cpb-aacip-83-074tmx7h_03550580_00046980_00046980.jpg",true,"S","D",false,"",""
"cpb-aacip-83-074tmx7h_03550580_00052385_00052385.jpg",true,"S","D",false,"",""
"cpb-aacip-83-074tmx7h_03550580_00057790_00057791.jpg",true,"S","D",false,"",""
"cpb-aacip-83-074tmx7h_03550580_00058325_00058358.jpg",true,"S","D",false,"",""
"cpb-aacip-83-074tmx7h_03550580_00063195_00063196.jpg",true,"L","",false,"",""
"cpb-aacip-83-074tmx7h_03550580_00065032_00065065.jpg",true,"L","",false,"",""
"cpb-aacip-83-074tmx7h_03550580_00068600_00068601.jpg",true,"L","",false,"",""
"cpb-aacip-83-074tmx7h_03550580_00072372_00072372.jpg",true,"L","",true,"",""
"cpb-aacip-83-074tmx7h_03550580_00074508_00074541.jpg",true,"L","",false,"",""
"cpb-aacip-83-074tmx7h_03550580_00075008_00075008.jpg",true,"L","",false,"",""
"cpb-aacip-83-074tmx7h_03550580_00083517_00083550.jpg",true,"P","",false,"",""
"cpb-aacip-83-074tmx7h_03550580_00085018_00085018.jpg",true,"P","",false,"",""
"cpb-aacip-83-074tmx7h_03550580_00090524_00090557.jpg",true,"P","",false,"",""
"cpb-aacip-83-074tmx7h_03550580_00103003_00103036.jpg",true,"P","",false,"",""
"cpb-aacip-83-074tmx7h_03550580_00109009_00109042.jpg",true,"P","",false,"",""
"cpb-aacip-83-074tmx7h_03550580_00112266_00112278.jpg",true,"P","",true,"",""
"cpb-aacip-83-074tmx7h_03550580_00143510_00143510.jpg",true,"","",false,"",""
"cpb-aacip-83-074tmx7h_03550580_00148515_00148515.jpg",true,"","",false,"",""
"cpb-aacip-83-074tmx7h_03550580_00153520_00153520.jpg",true,"","",false,"",""
"cpb-aacip-83-074tmx7h_03550580_00155022_00155054.jpg",true,"","",false,"",""
"cpb-aacip-83-074tmx7h_03550580_00157024_00157056.jpg",true,"","",false,"",""
"cpb-aacip-83-074tmx7h_03550580_00157524_00157524.jpg",true,"","",false,"",""
"cpb-aacip-83-074tmx7h_03550580_00168001_00168001.jpg",true,"","",false,"",""
"cpb-aacip-83-074tmx7h_03550580_00178011_00178011.jpg",true,"P","",false,"",""
"cpb-aacip-83-074tmx7h_03550580_00186019_00186019.jpg",true,"P","",false,"",""
"cpb-aacip-83-074tmx7h_03550580_00186648_00186653.jpg",true,"P","",false,"",""
"cpb-aacip-83-074tmx7h_03550580_00201502_00201534.jpg",true,"","",false,"",""
"cpb-aacip-83-074tmx7h_03550580_00202503_00202535.jpg",true,"M","",true,"",""
"cpb-aacip-83-074tmx7h_03550580_00203003_00203036.jpg",true,"M","",false,"",""
"cpb-aacip-83-074tmx7h_03550580_00204004_00204037.jpg",true,"M","",false,"",""
"cpb-aacip-83-074tmx7h_03550580_00205005_00205038.jpg",true,"M","",false,"",""
"cpb-aacip-83-074tmx7h_03550580_00205506_00205538.jpg",true,"M","",false,"",""
"cpb-aacip-83-074tmx7h_03550580_00206006_00206039.jpg",true,"M","",false,"",""
"cpb-aacip-83-074tmx7h_03550580_00206507_00206539.jpg",true,"M","",false,"",""
"cpb-aacip-83-074tmx7h_03550580_00208008_00208041.jpg",true,"M","",false,"",""
"cpb-aacip-83-074tmx7h_03550580_00208509_00208541.jpg",true,"M","",false,"",""
"cpb-aacip-83-074tmx7h_03550580_00209009_00209042.jpg",true,"M","",false,"",""
"cpb-aacip-83-074tmx7h_03550580_00211512_00211544.jpg",true,"M","",true,"",""
"cpb-aacip-83-074tmx7h_03550580_00213013_00213046.jpg",true,"M","",false,"",""
"cpb-aacip-83-074tmx7h_03550580_00215516_00215548.jpg",true,"M","",false,"",""
"cpb-aacip-83-074tmx7h_03550580_00217518_00217550.jpg",true,"O","",true,"",""
"cpb-aacip-83-074tmx7h_03550580_00218018_00218051.jpg",true,"O","",false,"",""
"cpb-aacip-83-074tmx7h_03550580_00219019_00219052.jpg",true,"O","",false,"",""
"cpb-aacip-83-074tmx7h_03550580_00229029_00229062.jpg",true,"P","",false,"",""
"cpb-aacip-83-074tmx7h_03550580_00232032_00232065.jpg",true,"P","",false,"",""
"cpb-aacip-83-074tmx7h_03550580_00234501_00234534.jpg",true,"P","",false,"",""
"cpb-aacip-83-074tmx7h_03550580_00235002_00235034.jpg",true,"P","",false,"",""
"cpb-aacip-83-074tmx7h_03550580_00246013_00246045.jpg",true,"P","",false,"",""
"cpb-aacip-83-074tmx7h_03550580_00261030_00261060.jpg",true,"P","",false,"",""
"cpb-aacip-83-074tmx7h_03550580_00269503_00269535.jpg",true,"P","",false,"",""
"cpb-aacip-83-074tmx7h_03550580_00271004_00271004.jpg",true,"P","",false,"",""
"cpb-aacip-83-074tmx7h_03550580_00272506_00272538.jpg",true,"P","",false,"",""
"cpb-aacip-83-074tmx7h_03550580_00274007_00274007.jpg",true,"P","",false,"",""
"cpb-aacip-83-074tmx7h_03550580_00274508_00274540.jpg",true,"P","",false,"",""
"cpb-aacip-83-074tmx7h_03550580_00279513_00279545.jpg",true,"P","",false,"",""
"cpb-aacip-83-074tmx7h_03550580_00288522_00288554.jpg",true,"P","",false,"",""
"cpb-aacip-83-074tmx7h_03550580_00293527_00293559.jpg",true,"P","",false,"",""
"cpb-aacip-83-074tmx7h_03550580_00294528_00294560.jpg",true,"P","",false,"",""
"cpb-aacip-83-074tmx7h_03550580_00297531_00297563.jpg",true,"P","",false,"",""
"cpb-aacip-83-074tmx7h_03550580_00299032_00299032.jpg",true,"P","",false,"",""
"cpb-aacip-83-074tmx7h_03550580_00300000_00300033.jpg",true,"P","",false,"",""
"cpb-aacip-83-074tmx7h_03550580_00300501_00300533.jpg",true,"P","",false,"",""
"cpb-aacip-83-074tmx7h_03550580_00335412_00335435.jpg",true,"P","",false,"",""
"cpb-aacip-83-074tmx7h_03550580_00345512_00345545.jpg",true,"P","",true,"",""
"cpb-aacip-83-074tmx7h_03550580_00373006_00373039.jpg",true,"F","",false,"",""
"cpb-aacip-83-074tmx7h_03550580_00375008_00375041.jpg",true,"F","",false,"",""
"cpb-aacip-83-074tmx7h_03550580_00375509_00375541.jpg",true,"F","",false,"",""
"cpb-aacip-83-074tmx7h_03550580_00376410_00376442.jpg",true,"F","",false,"",""
"cpb-aacip-83-074tmx7h_03550580_00377511_00377543.jpg",true,"F","",false,"",""
"cpb-aacip-83-074tmx7h_03550580_00391024_00391057.jpg",true,"F","",false,"",""
"cpb-aacip-83-074tmx7h_03550580_00391525_00391557.jpg",true,"F","",false,"",""
"cpb-aacip-83-074tmx7h_03550580_00394027_00394060.jpg",true,"F","",false,"",""
"cpb-aacip-83-074tmx7h_03550580_00395028_00395061.jpg",true,"F","",false,"",""
"cpb-aacip-83-074tmx7h_03550580_00428028_00428060.jpg",true,"","",false,"",""
"cpb-aacip-83-074tmx7h_03550580_00428529_00428561.jpg",true,"","",false,"",""
"cpb-aacip-83-074tmx7h_03550580_00429029_00429061.jpg",true,"","",false,"",""
"cpb-aacip-83-074tmx7h_03550580_00434501_00434534.jpg",true,"P","",false,"",""
"cpb-aacip-83-074tmx7h_03550580_00436052_00436068.jpg",true,"","",false,"",""
"cpb-aacip-83-074tmx7h_03550580_00440507_00440540.jpg",true,"","",false,"",""
"cpb-aacip-83-074tmx7h_03550580_00447014_00447046.jpg",true,"N","",false,"",""
"cpb-aacip-83-074tmx7h_03550580_00447514_00447547.jpg",true,"N","",false,"",""
"cpb-aacip-83-074tmx7h_03550580_00448015_00448047.jpg",true,"N","",false,"",""
"cpb-aacip-83-074tmx7h_03550580_00448515_00448548.jpg",true,"N","",false,"",""
"cpb-aacip-83-074tmx7h_03550580_00449516_00449549.jpg",true,"N","",false,"",""
"cpb-aacip-83-074tmx7h_03550580_00450017_00450049.jpg",true,"N","",false,"",""
"cpb-aacip-83-074tmx7h_03550580_00450517_00450550.jpg",true,"N","",false,"",""
"cpb-aacip-83-074tmx7h_03550580_00451018_00451050.jpg",true,"N","",false,"",""
"cpb-aacip-83-074tmx7h_03550580_00451518_00451551.jpg",true,"N","",false,"",""
"cpb-aacip-83-074tmx7h_03550580_00452019_00452051.jpg",true,"N","",false,"",""
"cpb-aacip-83-074tmx7h_03550580_00452519_00452552.jpg",true,"N","",false,"",""
"cpb-aacip-83-074tmx7h_03550580_00453520_00453553.jpg",true,"N","",false,"",""
"cpb-aacip-83-074tmx7h_03550580_00454521_00454554.jpg",true,"N","",false,"",""
"cpb-aacip-83-074tmx7h_03550580_00455022_00455054.jpg",true,"N","",false,"",""
"cpb-aacip-83-074tmx7h_03550580_00455522_00455555.jpg",true,"N","",false,"",""
"cpb-aacip-83-074tmx7h_03550580_00456023_00456055.jpg",true,"N","",false,"",""
"cpb-aacip-83-074tmx7h_03550580_00456523_00456556.jpg",true,"N","",false,"",""
"cpb-aacip-83-074tmx7h_03550580_00457024_00457056.jpg",true,"N","",false,"",""
"cpb-aacip-83-074tmx7h_03550580_00457524_00457557.jpg",true,"N","",false,"",""
"cpb-aacip-83-074tmx7h_03550580_00458025_00458057.jpg",true,"N","",false,"",""
"cpb-aacip-83-074tmx7h_03550580_00458525_00458558.jpg",true,"N","",false,"",""
"cpb-aacip-83-074tmx7h_03550580_00459026_00459058.jpg",true,"N","",false,"",""
"cpb-aacip-83-074tmx7h_03550580_00459526_00459559.jpg",true,"N","",false,"",""
"cpb-aacip-83-074tmx7h_03550580_00467501_00467533.jpg",true,"P","",false,"",""
"cpb-aacip-83-074tmx7h_03550580_00469503_00469535.jpg",true,"P","",false,"",""
"cpb-aacip-83-074tmx7h_03550580_00471505_00471537.jpg",true,"P","",false,"",""
"cpb-aacip-83-074tmx7h_03550580_00477511_00477543.jpg",true,"P","",false,"",""
"cpb-aacip-83-074tmx7h_03550580_00480013_00480046.jpg",true,"P","",false,"",""
"cpb-aacip-83-074tmx7h_03550580_00481515_00481547.jpg",true,"F","",false,"",""
"cpb-aacip-83-074tmx7h_03550580_00482015_00482048.jpg",true,"F","",false,"",""
"cpb-aacip-83-074tmx7h_03550580_00483517_00483549.jpg",true,"F","",false,"",""
"cpb-aacip-83-074tmx7h_03550580_00484518_00484550.jpg",true,"F","",false,"",""
"cpb-aacip-83-074tmx7h_03550580_00493560_00493593.jpg",true,"P","",false,"",""
"cpb-aacip-83-074tmx7h_03550580_00495529_00495561.jpg",true,"I","",false,"",""
"cpb-aacip-83-074tmx7h_03550580_00496830_00496863.jpg",true,"I","",false,"",""
"cpb-aacip-83-074tmx7h_03550580_00499032_00499065.jpg",true,"I","",false,"",""
"cpb-aacip-83-074tmx7h_03550580_00500067_00500099.jpg",true,"I","",false,"",""
"cpb-aacip-83-074tmx7h_03550580_00537004_00537036.jpg",true,"P","",true,"",""
"cpb-aacip-83-074tmx7h_03550580_00537871_00537904.jpg",true,"I","",false,"",""
"cpb-aacip-83-074tmx7h_03550580_00538505_00538538.jpg",true,"I","",false,"",""
"cpb-aacip-83-074tmx7h_03550580_00539473_00539505.jpg",true,"I","",false,"",""
"cpb-aacip-83-074tmx7h_03550580_00540007_00540039.jpg",true,"I","",false,"",""
"cpb-aacip-83-074tmx7h_03550580_00541508_00541541.jpg",true,"I","",false,"",""
"cpb-aacip-83-074tmx7h_03550580_00543810_00543843.jpg",true,"I","",true,"",""
"cpb-aacip-83-074tmx7h_03550580_00561528_00561561.jpg",true,"P","",false,"",""
"cpb-aacip-83-074tmx7h_03550580_00579807_00579812.jpg",true,"","",false,"",""
"cpb-aacip-83-074tmx7h_03550580_00617017_00617049.jpg",true,"P","",false,"",""
"cpb-aacip-83-074tmx7h_03550580_00635002_00635034.jpg",true,"P","",true,"",""
"cpb-aacip-83-074tmx7h_03550580_00651801_00651817.jpg",true,"P","",false,"",""
"cpb-aacip-83-074tmx7h_03550580_00657524_00657556.jpg",true,"P","",false,"",""
"cpb-aacip-83-074tmx7h_03550580_00697030_00697063.jpg",true,"Y","",false,"",""
"cpb-aacip-83-074tmx7h_03550580_00697531_00697563.jpg",true,"Y","",false,"",""
"cpb-aacip-83-074tmx7h_03550580_00699032_00699065.jpg",true,"Y","",false,"",""
"cpb-aacip-83-074tmx7h_03550580_00699533_00699565.jpg",true,"Y","",false,"",""
"cpb-aacip-83-074tmx7h_03550580_00701502_00701534.jpg",true,"Y","",false,"",""
"cpb-aacip-83-074tmx7h_03550580_00702503_00702535.jpg",true,"Y","",false,"",""
"cpb-aacip-83-074tmx7h_03550580_00704004_00704036.jpg",true,"Y","",false,"",""
"cpb-aacip-83-074tmx7h_03550580_00704505_00704537.jpg",true,"Y","",false,"",""
"cpb-aacip-83-074tmx7h_03550580_00705506_00705538.jpg",true,"Y","",false,"",""
"cpb-aacip-83-074tmx7h_03550580_00707508_00707540.jpg",true,"Y","",false,"",""
"cpb-aacip-83-074tmx7h_03550580_00723795_00723823.jpg",true,"","",false,"",""
"cpb-aacip-83-074tmx7h_03550580_00759793_00759825.jpg",true,"P","",false,"",""
"cpb-aacip-83-074tmx7h_03550580_00761028_00761060.jpg",true,"I","",false,"",""
"cpb-aacip-83-074tmx7h_03550580_00763530_00763562.jpg",true,"I","",false,"",""
"cpb-aacip-83-074tmx7h_03550580_00765532_00765564.jpg",true,"I","",false,"",""
"cpb-aacip-83-074tmx7h_03550580_00766266_00766298.jpg",true,"I","",false,"",""
"cpb-aacip-83-074tmx7h_03550580_00767367_00767399.jpg",true,"P","",false,"",""
"cpb-aacip-83-074tmx7h_03550580_00774908_00774940.jpg",true,"I","",true,"",""
"cpb-aacip-83-074tmx7h_03550580_00775008_00775040.jpg",true,"I","",true,"",""
"cpb-aacip-83-074tmx7h_03550580_00775509_00775541.jpg",true,"I","",false,"",""
"cpb-aacip-83-074tmx7h_03550580_00776009_00776041.jpg",true,"I","",false,"",""
"cpb-aacip-83-074tmx7h_03550580_00776510_00776542.jpg",true,"I","",false,"",""
"cpb-aacip-83-074tmx7h_03550580_00778011_00778043.jpg",true,"I","",false,"",""
"cpb-aacip-83-074tmx7h_03550580_00778712_00778744.jpg",true,"I","",false,"",""
"cpb-aacip-83-074tmx7h_03550580_00780514_00780546.jpg",true,"I","",false,"",""
"cpb-aacip-83-074tmx7h_03550580_00780848_00780880.jpg",true,"I","",true,"",""
"cpb-aacip-83-074tmx7h_03550580_00788422_00788454.jpg",true,"I","",false,"",""
"cpb-aacip-83-074tmx7h_03550580_00789523_00789555.jpg",true,"I","",false,"",""
"cpb-aacip-83-074tmx7h_03550580_00795429_00795461.jpg",true,"I","",false,"",""
"cpb-aacip-83-074tmx7h_03550580_00799766_00799799.jpg",true,"I","",true,"",""
"cpb-aacip-83-074tmx7h_03550580_00800033_00800065.jpg",true,"I","",false,"",""
"cpb-aacip-83-074tmx7h_03550580_00801001_00801033.jpg",true,"I","",false,"",""
"cpb-aacip-83-074tmx7h_03550580_00801368_00801400.jpg",true,"I","",false,"",""
"cpb-aacip-83-074tmx7h_03550580_00802002_00802034.jpg",true,"I","",false,"",""
"cpb-aacip-83-074tmx7h_03550580_00802503_00802535.jpg",true,"I","",false,"",""
"cpb-aacip-83-074tmx7h_03550580_00803003_00803035.jpg",true,"I","",false,"",""
"cpb-aacip-83-074tmx7h_03550580_00803504_00803536.jpg",true,"I","",false,"",""
"cpb-aacip-83-074tmx7h_03550580_00804004_00804036.jpg",true,"I","",false,"",""
"cpb-aacip-83-074tmx7h_03550580_00804505_00804537.jpg",true,"I","",false,"",""
"cpb-aacip-83-074tmx7h_03550580_00805005_00805037.jpg",true,"I","",false,"",""
"cpb-aacip-83-074tmx7h_03550580_00806240_00806272.jpg",true,"I","",true,"",""
"cpb-aacip-83-074tmx7h_03550580_00831532_00831564.jpg",true,"P","",false,"",""
"cpb-aacip-83-074tmx7h_03550580_00835002_00835034.jpg",true,"P","",true,"",""
"cpb-aacip-83-074tmx7h_03550580_00860027_00860059.jpg",true,"P","",false,"",""
"cpb-aacip-83-074tmx7h_03550580_00864565_00864597.jpg",true,"I","",false,"",""
"cpb-aacip-83-074tmx7h_03550580_00866533_00866565.jpg",true,"I","",false,"",""
"cpb-aacip-83-074tmx7h_03550580_00868502_00868534.jpg",true,"I","",false,"",""
"cpb-aacip-83-074tmx7h_03550580_00892025_00892057.jpg",true,"F","",false,"",""
"cpb-aacip-83-074tmx7h_03550580_00913013_00913045.jpg",true,"I","",false,"",""
"cpb-aacip-83-074tmx7h_03550580_00913514_00913545.jpg",true,"I","",false,"",""
"cpb-aacip-83-074tmx7h_03550580_00913680_00913712.jpg",true,"I","",false,"",""
"cpb-aacip-83-074tmx7h_03550580_00914014_00914046.jpg",true,"I","",false,"",""
"cpb-aacip-83-074tmx7h_03550580_00914515_00914546.jpg",true,"I","",false,"",""
"cpb-aacip-83-074tmx7h_03550580_00915516_00915547.jpg",true,"I","",false,"",""
"cpb-aacip-83-074tmx7h_03550580_00916517_00916548.jpg",true,"I","",false,"",""
"cpb-aacip-83-074tmx7h_03550580_00917017_00917049.jpg",true,"I","",false,"",""
"cpb-aacip-83-074tmx7h_03550580_00934001_00934033.jpg",true,"P","",true,"",""
"cpb-aacip-83-074tmx7h_03550580_00935502_00935534.jpg",true,"","",false,"",""
"cpb-aacip-83-074tmx7h_03550580_00938505_00938537.jpg",true,"","",false,"",""
"cpb-aacip-83-074tmx7h_03550580_00942509_00942541.jpg",true,"","",false,"",""
"cpb-aacip-83-074tmx7h_03550580_00944511_00944543.jpg",true,"","",false,"",""
"cpb-aacip-83-074tmx7h_03550580_00948015_00948047.jpg",true,"","",false,"",""
"cpb-aacip-83-074tmx7h_03550580_00949016_00949048.jpg",true,"","",false,"",""
"cpb-aacip-83-074tmx7h_03550580_00951018_00951050.jpg",true,"","",false,"",""
"cpb-aacip-83-074tmx7h_03550580_00957024_00957056.jpg",true,"I","",false,"",""
"cpb-aacip-83-074tmx7h_03550580_00957524_00957556.jpg",true,"I","",false,"",""
"cpb-aacip-83-074tmx7h_03550580_00959026_00959058.jpg",true,"I","",false,"",""
"cpb-aacip-83-074tmx7h_03550580_00959059_00959091.jpg",true,"I","",false,"",""
"cpb-aacip-83-074tmx7h_03550580_00960027_00960059.jpg",true,"I","",false,"",""
"cpb-aacip-83-074tmx7h_03550580_00960527_00960559.jpg",true,"I","",true,"",""
"cpb-aacip-83-074tmx7h_03550580_00994962_00994994.jpg",true,"","",false,"",""
"cpb-aacip-83-074tmx7h_03550580_01004505_01004536.jpg",true,"P","",false,"",""
"cpb-aacip-83-074tmx7h_03550580_01031532_01031563.jpg",true,"F","",false,"",""
"cpb-aacip-83-074tmx7h_03550580_01032032_01032064.jpg",true,"F","",false,"",""
"cpb-aacip-83-074tmx7h_03550580_01032499_01032531.jpg",true,"F","",false,"",""
"cpb-aacip-83-074tmx7h_03550580_01032533_01032564.jpg",true,"F","",false,"",""
"cpb-aacip-83-074tmx7h_03550580_01034001_01034032.jpg",true,"F","",false,"",""
"cpb-aacip-83-074tmx7h_03550580_01038505_01038537.jpg",true,"","",false,"",""
"cpb-aacip-83-074tmx7h_03550580_01044511_01044543.jpg",true,"","",false,"",""
"cpb-aacip-83-074tmx7h_03550580_01045512_01045544.jpg",true,"","",false,"",""
"cpb-aacip-83-074tmx7h_03550580_01054087_01054119.jpg",true,"I","",false,"",""
"cpb-aacip-83-074tmx7h_03550580_01057324_01057356.jpg",true,"I","",false,"",""
"cpb-aacip-83-074tmx7h_03550580_01060027_01060059.jpg",true,"I","",true,"",""
"cpb-aacip-83-074tmx7h_03550580_01089523_01089555.jpg",true,"","",false,"",""
"cpb-aacip-83-074tmx7h_03550580_01091024_01091056.jpg",true,"","",false,"",""
"cpb-aacip-83-074tmx7h_03550580_01091625_01091657.jpg",true,"","",false,"",""
"cpb-aacip-83-074tmx7h_03550580_01097030_01097062.jpg",true,"P","",false,"",""
"cpb-aacip-83-074tmx7h_03550580_01105506_01105537.jpg",true,"","",false,"",""
"cpb-aacip-83-074tmx7h_03550580_01118519_01118550.jpg",true,"P","",false,"",""
"cpb-aacip-83-074tmx7h_03550580_01120521_01120552.jpg",true,"P","",false,"",""
"cpb-aacip-83-074tmx7h_03550580_01123223_01123255.jpg",true,"I","",false,"",""
"cpb-aacip-83-074tmx7h_03550580_01124825_01124857.jpg",true,"I","",false,"",""
"cpb-aacip-83-074tmx7h_03550580_01129162_01129194.jpg",true,"I","",true,"",""
"cpb-aacip-83-074tmx7h_03550580_01177211_01177242.jpg",true,"I","",false,"",""
"cpb-aacip-83-074tmx7h_03550580_01196530_01196562.jpg",true,"I","",false,"",""
"cpb-aacip-83-074tmx7h_03550580_01199533_01199565.jpg",true,"I","",false,"",""
"cpb-aacip-83-074tmx7h_03550580_01199900_01199932.jpg",true,"I","",false,"",""
"cpb-aacip-83-074tmx7h_03550580_01200033_01200065.jpg",true,"I","",false,"",""
"cpb-aacip-83-074tmx7h_03550580_01207441_01207472.jpg",true,"I","",true,"",""
"cpb-aacip-83-074tmx7h_03550580_01208542_01208574.jpg",true,"I","",false,"",""
"cpb-aacip-83-074tmx7h_03550580_01212846_01212878.jpg",true,"I","",true,"",""
"cpb-aacip-83-074tmx7h_03550580_01227961_01227993.jpg",true,"I","",false,"",""
"cpb-aacip-83-074tmx7h_03550580_01228529_01228560.jpg",true,"I","",false,"",""
"cpb-aacip-83-074tmx7h_03550580_01230030_01230062.jpg",true,"I","",false,"",""
"cpb-aacip-83-074tmx7h_03550580_01230531_01230562.jpg",true,"I","",false,"",""
"cpb-aacip-83-074tmx7h_03550580_01231532_01231563.jpg",true,"I","",false,"",""
"cpb-aacip-83-074tmx7h_03550580_01233033_01233065.jpg",true,"I","",false,"",""
"cpb-aacip-83-074tmx7h_03550580_01233901_01233932.jpg",true,"I","",false,"",""
"cpb-aacip-83-074tmx7h_03550580_01235002_01235033.jpg",true,"P","",false,"",""
"cpb-aacip-83-074tmx7h_03550580_01265532_01265564.jpg",true,"P","",false,"",""
"cpb-aacip-83-074tmx7h_03550580_01266033_01266064.jpg",true,"P","",false,"",""
"cpb-aacip-83-074tmx7h_03550580_01270003_01270035.jpg",true,"P","",false,"",""
"cpb-aacip-83-074tmx7h_03550580_01278061_01278076.jpg",true,"P","",false,"",""
"cpb-aacip-83-074tmx7h_03550580_01278512_01278543.jpg",true,"P","",false,"",""
"cpb-aacip-83-074tmx7h_03550580_01294027_01294059.jpg",true,"P","",false,"",""
"cpb-aacip-83-074tmx7h_03550580_01333500_01333532.jpg",true,"P","",false,"",""
"cpb-aacip-83-074tmx7h_03550580_01364180_01364196.jpg",true,"P","",false,"",""
"cpb-aacip-83-074tmx7h_03550580_01391525_01391556.jpg",true,"P","",false,"",""
"cpb-aacip-83-074tmx7h_03550580_01393026_01393058.jpg",true,"P","",false,"",""
"cpb-aacip-83-074tmx7h_03550580_01408008_01408039.jpg",true,"F","",false,"",""
"cpb-aacip-83-074tmx7h_03550580_01409409_01409441.jpg",true,"F","",false,"",""
"cpb-aacip-83-074tmx7h_03550580_01409510_01409541.jpg",true,"F","",false,"",""
"cpb-aacip-83-074tmx7h_03550580_01410010_01410041.jpg",true,"F","",false,"",""
"cpb-aacip-83-074tmx7h_03550580_01418519_01418550.jpg",true,"P","",false,"",""
"cpb-aacip-83-074tmx7h_03550580_01424525_01424556.jpg",true,"","",false,"",""
"cpb-aacip-83-074tmx7h_03550580_01425526_01425557.jpg",true,"","",false,"",""
"cpb-aacip-83-074tmx7h_03550580_01427528_01427559.jpg",true,"","",false,"",""
"cpb-aacip-83-074tmx7h_03550580_01429530_01429561.jpg",true,"","",false,"",""
"cpb-aacip-83-074tmx7h_03550580_01434001_01434032.jpg",true,"","",false,"",""
"cpb-aacip-83-074tmx7h_03550580_01440507_01440539.jpg",true,"P","",true,"",""
"cpb-aacip-83-074tmx7h_03550580_01442509_01442541.jpg",true,"P","",false,"",""
"cpb-aacip-83-074tmx7h_03550580_01449016_01449047.jpg",true,"P","",false,"",""
"cpb-aacip-83-074tmx7h_03550580_01450517_01450549.jpg",true,"P","",false,"",""
"cpb-aacip-83-074tmx7h_03550580_01460160_01460192.jpg",true,"I","",false,"",""
"cpb-aacip-83-074tmx7h_03550580_01460527_01460559.jpg",true,"I","",false,"",""
"cpb-aacip-83-074tmx7h_03550580_01461028_01461059.jpg",true,"I","",false,"",""
"cpb-aacip-83-074tmx7h_03550580_01462029_01462060.jpg",true,"I","",false,"",""
"cpb-aacip-83-074tmx7h_03550580_01462529_01462561.jpg",true,"I","",false,"",""
"cpb-aacip-83-074tmx7h_03550580_01464031_01464062.jpg",true,"I","",false,"",""
"cpb-aacip-83-074tmx7h_03550580_01464531_01464563.jpg",true,"I","",false,"",""
"cpb-aacip-83-074tmx7h_03550580_01465566_01465597.jpg",true,"I","",false,"",""
"cpb-aacip-83-074tmx7h_03550580_01466533_01466565.jpg",true,"I","",true,"",""
"cpb-aacip-83-074tmx7h_03550580_01467734_01467766.jpg",true,"P","",false,"",""
"cpb-aacip-83-074tmx7h_03550580_01490958_01490989.jpg",true,"P","",false,"",""
"cpb-aacip-83-074tmx7h_03550580_01493527_01493558.jpg",true,"I","",false,"",""
"cpb-aacip-83-074tmx7h_03550580_01497431_01497462.jpg",true,"I","",false,"",""
"cpb-aacip-83-074tmx7h_03550580_01498031_01498063.jpg",true,"I","",false,"",""
"cpb-aacip-83-074tmx7h_03550580_01498532_01498563.jpg",true,"P","",false,"",""
"cpb-aacip-83-074tmx7h_03550580_01512513_01512544.jpg",true,"P","",false,"",""
"cpb-aacip-83-074tmx7h_03550580_01515516_01515547.jpg",true,"P","",false,"",""
"cpb-aacip-83-074tmx7h_03550580_01541508_01541540.jpg",true,"I","",false,"",""
"cpb-aacip-83-074tmx7h_03550580_01542509_01542541.jpg",true,"I","",false,"",""
"cpb-aacip-83-074tmx7h_03550580_01543510_01543542.jpg",true,"I","",false,"",""
"cpb-aacip-83-074tmx7h_03550580_01543877_01543909.jpg",true,"I","",false,"",""
"cpb-aacip-83-074tmx7h_03550580_01585519_01585550.jpg",true,"P","",false,"",""
"cpb-aacip-83-074tmx7h_03550580_01592526_01592557.jpg",true,"P","",true,"",""
"cpb-aacip-83-074tmx7h_03550580_01595028_01595060.jpg",true,"Y","",false,"",""
"cpb-aacip-83-074tmx7h_03550580_01597030_01597062.jpg",true,"Y","",false,"",""
"cpb-aacip-83-074tmx7h_03550580_01597531_01597562.jpg",true,"Y","",false,"",""
"cpb-aacip-83-074tmx7h_03550580_01598031_01598063.jpg",true,"Y","",false,"",""
"cpb-aacip-83-074tmx7h_03550580_01598966_01598997.jpg",true,"Y","",false,"",""
"cpb-aacip-83-074tmx7h_03550580_01601668_01601700.jpg",true,"Y","",false,"",""
"cpb-aacip-83-074tmx7h_03550580_01602002_01602033.jpg",true,"Y","",false,"",""
"cpb-aacip-83-074tmx7h_03550580_01603504_01603535.jpg",true,"Y","",false,"",""
"cpb-aacip-83-074tmx7h_03550580_01604505_01604536.jpg",true,"N","",false,"",""
"cpb-aacip-83-074tmx7h_03550580_01607007_01607038.jpg",true,"N","",false,"",""
"cpb-aacip-83-074tmx7h_03550580_01607508_01607539.jpg",true,"N","",false,"",""
"cpb-aacip-83-074tmx7h_03550580_01608509_01608540.jpg",true,"N","",false,"",""
"cpb-aacip-83-074tmx7h_03550580_01609209_01609240.jpg",true,"N","",false,"",""
"cpb-aacip-83-074tmx7h_03550580_01610511_01610542.jpg",true,"N","",false,"",""
"cpb-aacip-83-074tmx7h_03550580_01610844_01610875.jpg",true,"N","",true,"",""
"cpb-aacip-83-074tmx7h_03550580_01626026_01626057.jpg",true,"P","",true,"",""
"cpb-aacip-83-074tmx7h_03550580_01627528_01627559.jpg",true,"I","",false,"",""
"cpb-aacip-83-074tmx7h_03550580_01627561_01627592.jpg",true,"I","",false,"",""
"cpb-aacip-83-074tmx7h_03550580_01628028_01628059.jpg",true,"I","",false,"",""
"cpb-aacip-83-074tmx7h_03550580_01630030_01630061.jpg",true,"I","",false,"",""
"cpb-aacip-83-074tmx7h_03550580_01630264_01630295.jpg",true,"I","",false,"",""
"cpb-aacip-83-074tmx7h_03550580_01631532_01631563.jpg",true,"I","",false,"",""
"cpb-aacip-83-074tmx7h_03550580_01633500_01633531.jpg",true,"P","",false,"",""
"cpb-aacip-83-074tmx7h_03550580_01665098_01665130.jpg",true,"P","",false,"",""
"cpb-aacip-83-074tmx7h_03550580_01675008_01675040.jpg",true,"P","",false,"",""
"cpb-aacip-83-074tmx7h_03550580_01694528_01694559.jpg",true,"P","",false,"",""
"cpb-aacip-83-074tmx7h_03550580_01696697_01696728.jpg",true,"N","",false,"",""
"cpb-aacip-83-074tmx7h_03550580_01698332_01698363.jpg",true,"N","",false,"",""
"cpb-aacip-83-074tmx7h_03550580_01704271_01704302.jpg",true,"N","",true,"",""
"cpb-aacip-83-074tmx7h_03550580_01707007_01707038.jpg",true,"P","",false,"",""
"cpb-aacip-83-074tmx7h_03550580_01710511_01710542.jpg",true,"P","",false,"",""
"cpb-aacip-83-074tmx7h_03550580_01715015_01715046.jpg",true,"P","",false,"",""
"cpb-aacip-83-074tmx7h_03550580_01717017_01717048.jpg",true,"F","",false,"",""
"cpb-aacip-83-074tmx7h_03550580_01717217_01717248.jpg",true,"F","",false,"",""
"cpb-aacip-83-074tmx7h_03550580_01717518_01717549.jpg",true,"F","",false,"",""
"cpb-aacip-83-074tmx7h_03550580_01719019_01719050.jpg",true,"F","",false,"",""
"cpb-aacip-83-074tmx7h_03550580_01723023_01723054.jpg",true,"P","",false,"",""
"cpb-aacip-83-074tmx7h_03550580_01723524_01723555.jpg",true,"P","",false,"",""
"cpb-aacip-83-074tmx7h_03550580_01725526_01725557.jpg",true,"P","",false,"",""
"cpb-aacip-83-074tmx7h_03550580_01726026_01726057.jpg",true,"P","",false,"",""
"cpb-aacip-83-074tmx7h_03550580_01750150_01750181.jpg",true,"I","",true,"",""
"cpb-aacip-83-074tmx7h_03550580_01750517_01750548.jpg",true,"I","",false,"",""
"cpb-aacip-83-074tmx7h_03550580_01752519_01752550.jpg",true,"I","",false,"",""
"cpb-aacip-83-074tmx7h_03550580_01754021_01754052.jpg",true,"I","",false,"",""
"cpb-aacip-83-074tmx7h_03550580_01755022_01755053.jpg",true,"I","",false,"",""
"cpb-aacip-83-074tmx7h_03550580_01755522_01755553.jpg",true,"I","",false,"",""
"cpb-aacip-83-074tmx7h_03550580_01756023_01756054.jpg",true,"I","",false,"",""
"cpb-aacip-83-074tmx7h_03550580_01756623_01756654.jpg",true,"I","",true,"",""
"cpb-aacip-83-074tmx7h_03550580_01774508_01774539.jpg",true,"P","",false,"",""
"cpb-aacip-83-074tmx7h_03550580_01779513_01779544.jpg",true,"P","",false,"",""
"cpb-aacip-83-074tmx7h_03550580_01782516_01782547.jpg",true,"P","",false,"",""
"cpb-aacip-83-074tmx7h_03550580_01788522_01788553.jpg",true,"P","",false,"",""
"cpb-aacip-83-074tmx7h_03550580_01790023_01790054.jpg",true,"P","",false,"",""
"cpb-aacip-83-074tmx7h_03550580_01800633_01800665.jpg",true,"P","",false,"",""
"cpb-aacip-83-074tmx7h_03550580_01807007_01807038.jpg",true,"P","",true,"",""
"cpb-aacip-83-074tmx7h_03550580_01830030_01830061.jpg",true,"P","",false,"",""
"cpb-aacip-83-074tmx7h_03550580_01836003_01836034.jpg",true,"P","",false,"",""
"cpb-aacip-83-074tmx7h_03550580_01854521_01854552.jpg",true,"","",false,"",""
"cpb-aacip-83-074tmx7h_03550580_01864031_01864062.jpg",true,"","",false,"",""
"cpb-aacip-83-074tmx7h_03550580_01865532_01865563.jpg",true,"","",false,"",""
"cpb-aacip-83-074tmx7h_03550580_01874007_01874038.jpg",true,"P","",false,"",""
"cpb-aacip-83-074tmx7h_03550580_01879012_01879043.jpg",true,"P","",false,"",""
"cpb-aacip-83-074tmx7h_03550580_01884017_01884048.jpg",true,"P","",true,"",""
"cpb-aacip-83-074tmx7h_03550580_01888654_01888686.jpg",true,"P","",false,"",""
"cpb-aacip-83-074tmx7h_03550580_01912513_01912543.jpg",true,"Y","",false,"",""
"cpb-aacip-83-074tmx7h_03550580_01913013_01913044.jpg",true,"Y","",false,"",""
"cpb-aacip-83-074tmx7h_03550580_01913514_01913544.jpg",true,"Y","",false,"",""
"cpb-aacip-83-074tmx7h_03550580_01914014_01914045.jpg",true,"Y","",false,"",""
"cpb-aacip-83-074tmx7h_03550580_01914515_01914545.jpg",true,"Y","",false,"",""
"cpb-aacip-83-074tmx7h_03550580_01915015_01915046.jpg",true,"Y","",false,"",""
"cpb-aacip-83-074tmx7h_03550580_01919019_01919050.jpg",true,"Y","",false,"",""
"cpb-aacip-83-074tmx7h_03550580_01932533_01932563.jpg",true,"Y","",true,"",""
"cpb-aacip-83-074tmx7h_03550580_01932666_01932697.jpg",true,"T","",true,"",""
"cpb-aacip-83-074tmx7h_03550580_01933500_01933531.jpg",true,"Y","",false,"",""
"cpb-aacip-83-074tmx7h_03550580_01934501_01934532.jpg",true,"Y","",false,"",""
"cpb-aacip-83-074tmx7h_03550580_01936003_01936034.jpg",true,"Y","",false,"",""
"cpb-aacip-83-074tmx7h_03550580_01937504_01937535.jpg",true,"Y","",false,"",""
"cpb-aacip-83-074tmx7h_03550580_01938071_01938102.jpg",true,"T","",false,"",""
"cpb-aacip-83-074tmx7h_03550580_01939506_01939537.jpg",true,"Y","",false,"",""
"cpb-aacip-83-074tmx7h_03550580_01940007_01940038.jpg",true,"Y","",false,"",""
"cpb-aacip-83-074tmx7h_03550580_01940507_01940538.jpg",true,"Y","",false,"",""
"cpb-aacip-83-074tmx7h_03550580_01942409_01942440.jpg",true,"T","",true,"",""
"cpb-aacip-83-074tmx7h_03550580_01952519_01952550.jpg",true,"P","",false,"",""
"cpb-aacip-83-074tmx7h_03550580_01986686_01986718.jpg",true,"P","",false,"",""
"cpb-aacip-83-074tmx7h_03550580_02029530_02029560.jpg",true,"P","",false,"",""
"cpb-aacip-83-074tmx7h_03550580_02030964_02030995.jpg",true,"N","",false,"",""
"cpb-aacip-83-074tmx7h_03550580_02031031_02031062.jpg",true,"N","",false,"",""
"cpb-aacip-83-074tmx7h_03550580_02032032_02032063.jpg",true,"N","",false,"",""
"cpb-aacip-83-074tmx7h_03550580_02032533_02032563.jpg",true,"N","",false,"",""
"cpb-aacip-83-074tmx7h_03550580_02033033_02033064.jpg",true,"N","",false,"",""
"cpb-aacip-83-074tmx7h_03550580_02034501_02034532.jpg",true,"N","",false,"",""
"cpb-aacip-83-074tmx7h_03550580_02035002_02035033.jpg",true,"N","",false,"",""
"cpb-aacip-83-074tmx7h_03550580_02035502_02035533.jpg",true,"N","",false,"",""
"cpb-aacip-83-074tmx7h_03550580_02036003_02036034.jpg",true,"N","",false,"",""
"cpb-aacip-83-074tmx7h_03550580_02036904_02036934.jpg",true,"N","",false,"",""
"cpb-aacip-83-074tmx7h_03550580_02038005_02038036.jpg",true,"N","",false,"",""
"cpb-aacip-83-074tmx7h_03550580_02038255_02038269.jpg",true,"N","",false,"",""
"cpb-aacip-83-074tmx7h_03550580_02039506_02039537.jpg",true,"N","",false,"",""
"cpb-aacip-83-074tmx7h_03550580_02040507_02040538.jpg",true,"N","",false,"",""
"cpb-aacip-83-074tmx7h_03550580_02041008_02041039.jpg",true,"N","",false,"",""
"cpb-aacip-83-074tmx7h_03550580_02041508_02041539.jpg",true,"N","",false,"",""
"cpb-aacip-83-074tmx7h_03550580_02042009_02042040.jpg",true,"N","",false,"",""
"cpb-aacip-83-074tmx7h_03550580_02043010_02043041.jpg",true,"N","",false,"",""
"cpb-aacip-83-074tmx7h_03550580_02045546_02045576.jpg",true,"N","",false,"",""
"cpb-aacip-83-074tmx7h_03550580_02046013_02046044.jpg",true,"N","",true,"",""
"cpb-aacip-83-074tmx7h_03550580_02049016_02049047.jpg",true,"P","",false,"",""
"cpb-aacip-83-074tmx7h_03550580_02050017_02050047.jpg",true,"P","",false,"",""
"cpb-aacip-83-074tmx7h_03550580_02051518_02051549.jpg",true,"P","",false,"",""
"cpb-aacip-83-074tmx7h_03550580_02052519_02052550.jpg",true,"P","",false,"",""
"cpb-aacip-83-074tmx7h_03550580_02064031_02064062.jpg",true,"P","",false,"",""
"cpb-aacip-83-074tmx7h_03550580_02066033_02066063.jpg",true,"P","",false,"",""
"cpb-aacip-83-074tmx7h_03550580_02067000_02067031.jpg",true,"P","",false,"",""
"cpb-aacip-83-074tmx7h_03550580_02068001_02068032.jpg",true,"P","",false,"",""
"cpb-aacip-83-074tmx7h_03550580_02074007_02074038.jpg",true,"P","",false,"",""
"cpb-aacip-83-074tmx7h_03550580_02077511_02077542.jpg",true,"P","",false,"",""
"cpb-aacip-83-074tmx7h_03550580_02078512_02078543.jpg",true,"P","",false,"",""
"cpb-aacip-83-074tmx7h_03550580_02081014_02081045.jpg",true,"P","",false,"",""
"cpb-aacip-83-074tmx7h_03550580_02086520_02086551.jpg",true,"P","",false,"",""
"cpb-aacip-83-074tmx7h_03550580_02088021_02088052.jpg",true,"P","",false,"",""
"cpb-aacip-83-074tmx7h_03550580_02094027_02094058.jpg",true,"P","",false,"",""
"cpb-aacip-83-074tmx7h_03550580_02094528_02094559.jpg",true,"P","",false,"",""
"cpb-aacip-83-074tmx7h_03550580_02100033_02100064.jpg",true,"P","",true,"",""
"cpb-aacip-83-074tmx7h_03550580_02102236_02102266.jpg",true,"I","",true,"",""
"cpb-aacip-83-074tmx7h_03550580_02103303_02103334.jpg",true,"I","",false,"",""
"cpb-aacip-83-074tmx7h_03550580_02104004_02104035.jpg",true,"I","",false,"",""
"cpb-aacip-83-074tmx7h_03550580_02104505_02104535.jpg",true,"I","",false,"",""
"cpb-aacip-83-074tmx7h_03550580_02106006_02106037.jpg",true,"I","",false,"",""
"cpb-aacip-83-074tmx7h_03550580_02106507_02106537.jpg",true,"I","",false,"",""
"cpb-aacip-83-074tmx7h_03550580_02107007_02107038.jpg",true,"I","",false,"",""
"cpb-aacip-83-074tmx7h_03550580_02107508_02107538.jpg",true,"I","",false,"",""
"cpb-aacip-83-074tmx7h_03550580_02108709_02108739.jpg",true,"I","",true,"",""
"cpb-aacip-83-074tmx7h_03550580_02139506_02139537.jpg",true,"P","",false,"",""
"cpb-aacip-83-074tmx7h_03550580_02147014_02147044.jpg",true,"P","",true,"",""
"cpb-aacip-83-074tmx7h_03550580_02162529_02162560.jpg",true,"","",false,"",""
"cpb-aacip-83-074tmx7h_03550580_02167034_02167064.jpg",true,"F","",false,"",""
"cpb-aacip-83-074tmx7h_03550580_02196029_02196060.jpg",true,"","",false,"",""
"cpb-aacip-83-074tmx7h_03550580_02202149_02202166.jpg",true,"P","",false,"",""
"cpb-aacip-83-074tmx7h_03550580_02210511_02210541.jpg",true,"P","",false,"",""
"cpb-aacip-83-074tmx7h_03550580_02215516_02215546.jpg",true,"P","",false,"",""
"cpb-aacip-83-074tmx7h_03550580_02217518_02217548.jpg",true,"P","",false,"",""
"cpb-aacip-83-074tmx7h_03550580_02218519_02218549.jpg",true,"P","",false,"",""
"cpb-aacip-83-074tmx7h_03550580_02258525_02258556.jpg",true,"P","",false,"",""
"cpb-aacip-83-074tmx7h_03550580_02259526_02259557.jpg",true,"P","",false,"",""
"cpb-aacip-83-074tmx7h_03550580_02260527_02260558.jpg",true,"P","",false,"",""
"cpb-aacip-83-074tmx7h_03550580_02263030_02263060.jpg",true,"P","",false,"",""
"cpb-aacip-83-074tmx7h_03550580_02263705_02263728.jpg",true,"","",false,"",""
"cpb-aacip-83-074tmx7h_03550580_02268001_02268032.jpg",true,"P","",false,"",""
"cpb-aacip-83-074tmx7h_03550580_02325261_02325289.jpg",true,"P","",false,"",""
"cpb-aacip-83-074tmx7h_03550580_02350517_02350548.jpg",true,"P","",false,"",""
"cpb-aacip-83-074tmx7h_03550580_02351518_02351549.jpg",true,"P","",false,"",""
"cpb-aacip-83-074tmx7h_03550580_02370003_02370034.jpg",true,"P","",false,"",""
"cpb-aacip-83-074tmx7h_03550580_02371004_02371035.jpg",true,"P","",false,"",""
"cpb-aacip-83-074tmx7h_03550580_02376009_02376040.jpg",true,"P","",false,"",""
"cpb-aacip-83-074tmx7h_03550580_02377511_02377541.jpg",true,"P","",false,"",""
"cpb-aacip-83-074tmx7h_03550580_02379012_02379043.jpg",true,"P","",false,"",""
"cpb-aacip-83-074tmx7h_03550580_02382516_02382546.jpg",true,"P","",false,"",""
"cpb-aacip-83-074tmx7h_03550580_02386817_02386817.jpg",true,"","",false,"",""
"cpb-aacip-83-074tmx7h_03550580_02435002_02435032.jpg",true,"P","",false,"",""
"cpb-aacip-83-074tmx7h_03550580_02442009_02442039.jpg",true,"P","",false,"",""
"cpb-aacip-83-074tmx7h_03550580_02448373_02448379.jpg",true,"","",false,"",""
"cpb-aacip-83-074tmx7h_03550580_02509929_02509940.jpg",true,"P","",false,"",""
"cpb-aacip-83-074tmx7h_03550580_02541508_02541539.jpg",true,"I","",false,"",""
"cpb-aacip-83-074tmx7h_03550580_02543410_02543440.jpg",true,"I","",false,"",""
"cpb-aacip-83-074tmx7h_03550580_02597697_02597728.jpg",true,"P","",false,"",""
"cpb-aacip-83-074tmx7h_03550580_02654655_02654685.jpg",true,"I","",false,"",""
"cpb-aacip-83-074tmx7h_03550580_02714581_02714611.jpg",true,"I","",false,"",""
"cpb-aacip-83-074tmx7h_03550580_02715015_02715045.jpg",true,"I","",false,"",""
"cpb-aacip-83-074tmx7h_03550580_02715516_02715546.jpg",true,"I","",false,"",""
"cpb-aacip-83-074tmx7h_03550580_02716016_02716046.jpg",true,"I","",false,"",""
"cpb-aacip-83-074tmx7h_03550580_02716216_02716246.jpg",true,"I","",false,"",""
"cpb-aacip-83-074tmx7h_03550580_02717518_02717548.jpg",true,"I","",false,"",""
"cpb-aacip-83-074tmx7h_03550580_02718018_02718048.jpg",true,"I","",false,"",""
"cpb-aacip-83-074tmx7h_03550580_02718519_02718549.jpg",true,"I","",false,"",""
"cpb-aacip-83-074tmx7h_03550580_02719019_02719049.jpg",true,"I","",false,"",""
"cpb-aacip-83-074tmx7h_03550580_02719520_02719550.jpg",true,"I","",false,"",""
"cpb-aacip-83-074tmx7h_03550580_02720521_02720551.jpg",true,"I","",false,"",""
"cpb-aacip-83-074tmx7h_03550580_02721088_02721118.jpg",true,"I","",true,"",""
"cpb-aacip-83-074tmx7h_03550580_02765899_02765929.jpg",true,"I","",false,"",""
"cpb-aacip-83-074tmx7h_03550580_02766033_02766063.jpg",true,"I","",false,"",""
"cpb-aacip-83-074tmx7h_03550580_02807474_02807504.jpg",true,"I","",false,"",""
"cpb-aacip-83-074tmx7h_03550580_02822523_02822553.jpg",true,"I","",false,"",""
"cpb-aacip-83-074tmx7h_03550580_02823023_02823053.jpg",true,"I","",false,"",""
"cpb-aacip-83-074tmx7h_03550580_02824525_02824555.jpg",true,"I","",false,"",""
"cpb-aacip-83-074tmx7h_03550580_02824758_02824788.jpg",true,"I","",false,"",""
"cpb-aacip-83-074tmx7h_03550580_02825025_02825055.jpg",true,"I","",false,"",""
"cpb-aacip-83-074tmx7h_03550580_02855522_02855552.jpg",true,"I","",false,"",""
"cpb-aacip-83-074tmx7h_03550580_02887991_02888018.jpg",true,"","",false,"",""
"cpb-aacip-83-074tmx7h_03550580_02888522_02888552.jpg",true,"","",false,"",""
"cpb-aacip-83-074tmx7h_03550580_02895028_02895058.jpg",true,"","",false,"",""
"cpb-aacip-83-074tmx7h_03550580_02898532_02898562.jpg",true,"","",false,"",""
"cpb-aacip-83-074tmx7h_03550580_02900033_02900063.jpg",true,"","",false,"",""
"cpb-aacip-83-074tmx7h_03550580_02901502_02901531.jpg",true,"P","",false,"",""
"cpb-aacip-83-074tmx7h_03550580_02908509_02908538.jpg",true,"P","",false,"",""
"cpb-aacip-83-074tmx7h_03550580_02915015_02915045.jpg",true,"","",false,"",""
"cpb-aacip-83-074tmx7h_03550580_02938005_02938035.jpg",true,"P","",false,"",""
"cpb-aacip-83-074tmx7h_03550580_02943010_02943040.jpg",true,"P","",false,"",""
"cpb-aacip-83-074tmx7h_03550580_02948515_02948545.jpg",true,"P","",false,"",""
"cpb-aacip-83-074tmx7h_03550580_02949016_02949046.jpg",true,"P","",false,"",""
"cpb-aacip-83-074tmx7h_03550580_02949659_02949680.jpg",true,"","",false,"",""
"cpb-aacip-83-074tmx7h_03550580_02953520_02953550.jpg",true,"P","",false,"",""
"cpb-aacip-83-074tmx7h_03550580_02956023_02956053.jpg",true,"P","",false,"",""
"cpb-aacip-83-074tmx7h_03550580_02967501_02967531.jpg",true,"P","",false,"",""
"cpb-aacip-83-074tmx7h_03550580_03011327_03011341.jpg",true,"","",false,"",""
"cpb-aacip-83-074tmx7h_03550580_03035502_03035532.jpg",true,"","",false,"",""
"cpb-aacip-83-074tmx7h_03550580_03064531_03064561.jpg",true,"P","",false,"",""
"cpb-aacip-83-074tmx7h_03550580_03067000_03067030.jpg",true,"P","",false,"",""
"cpb-aacip-83-074tmx7h_03550580_03068502_03068532.jpg",true,"P","",false,"",""
"cpb-aacip-83-074tmx7h_03550580_03072995_03073003.jpg",true,"P","",false,"",""
"cpb-aacip-83-074tmx7h_03550580_03074007_03074037.jpg",true,"P","",false,"",""
"cpb-aacip-83-074tmx7h_03550580_03077511_03077541.jpg",true,"P","",false,"",""
"cpb-aacip-83-074tmx7h_03550580_03083016_03083046.jpg",true,"","",false,"",""
"cpb-aacip-83-074tmx7h_03550580_03086019_03086049.jpg",true,"","",false,"",""
"cpb-aacip-83-074tmx7h_03550580_03134663_03134664.jpg",true,"","",false,"",""
"cpb-aacip-83-074tmx7h_03550580_03165499_03165529.jpg",true,"N","",false,"",""
"cpb-aacip-83-074tmx7h_03550580_03165532_03165562.jpg",true,"N","",false,"",""
"cpb-aacip-83-074tmx7h_03550580_03166033_03166062.jpg",true,"N","",false,"",""
"cpb-aacip-83-074tmx7h_03550580_03166533_03166563.jpg",true,"N","",false,"",""
"cpb-aacip-83-074tmx7h_03550580_03167000_03167030.jpg",true,"N","",false,"",""
"cpb-aacip-83-074tmx7h_03550580_03172005_03172035.jpg",true,"N","",false,"",""
"cpb-aacip-83-074tmx7h_03550580_03173607_03173637.jpg",true,"N","",false,"",""
"cpb-aacip-83-074tmx7h_03550580_03207624_03207637.jpg",true,"P","",false,"",""
"cpb-aacip-83-074tmx7h_03550580_03227528_03227557.jpg",true,"","",false,"",""
"cpb-aacip-83-074tmx7h_03550580_03244878_03244908.jpg",true,"F","",false,"",""
"cpb-aacip-83-074tmx7h_03550580_03246513_03246543.jpg",true,"F","",false,"",""
"cpb-aacip-83-074tmx7h_03550580_03248515_03248545.jpg",true,"F","",false,"",""
"cpb-aacip-83-074tmx7h_03550580_03249016_03249045.jpg",true,"F","",false,"",""
"cpb-aacip-83-074tmx7h_03550580_03265032_03265061.jpg",true,"F","",false,"",""
"cpb-aacip-83-074tmx7h_03550580_03266033_03266062.jpg",true,"F","",false,"",""
"cpb-aacip-83-074tmx7h_03550580_03281676_03281678.jpg",true,"","",false,"",""
"cpb-aacip-83-074tmx7h_03550580_03294528_03294557.jpg",true,"P","",false,"",""
"cpb-aacip-83-074tmx7h_03550580_03297531_03297560.jpg",true,"P","",false,"",""
"cpb-aacip-83-074tmx7h_03550580_03298532_03298561.jpg",true,"P","",false,"",""
"cpb-aacip-83-074tmx7h_03550580_03299533_03299562.jpg",true,"P","",false,"",""
"cpb-aacip-83-074tmx7h_03550580_03304505_03304534.jpg",true,"","",false,"",""
"cpb-aacip-83-074tmx7h_03550580_03305506_03305535.jpg",true,"P","",false,"",""
"cpb-aacip-83-074tmx7h_03550580_03342009_03342038.jpg",true,"","",false,"",""
"cpb-aacip-83-074tmx7h_03550580_03343010_03343039.jpg",true,"P","",false,"",""
"cpb-aacip-83-074tmx7h_03550580_03343510_03343540.jpg",true,"P","",false,"",""
"cpb-aacip-83-074tmx7h_03550580_03346663_03346676.jpg",true,"P","",false,"",""
"cpb-aacip-83-074tmx7h_03550580_03363530_03363560.jpg",true,"","",false,"",""
"cpb-aacip-83-074tmx7h_03550580_03370003_03370033.jpg",true,"","",false,"",""
"cpb-aacip-83-074tmx7h_03550580_03390524_03390553.jpg",true,"","",false,"",""
"cpb-aacip-83-074tmx7h_03550580_03391024_03391054.jpg",true,"G","",true,"",""
"cpb-aacip-83-074tmx7h_03550580_03391525_03391554.jpg",true,"G","",false,"",""
"cpb-aacip-83-074tmx7h_03550580_03392025_03392055.jpg",true,"G","",false,"",""
"cpb-aacip-83-074tmx7h_03550580_03392526_03392555.jpg",true,"G","",false,"",""
"cpb-aacip-83-074tmx7h_03550580_03393026_03393056.jpg",true,"G","",false,"",""
"cpb-aacip-83-074tmx7h_03550580_03393527_03393556.jpg",true,"G","",false,"",""
"cpb-aacip-83-074tmx7h_03550580_03394528_03394557.jpg",true,"G","",false,"",""
"cpb-aacip-83-074tmx7h_03550580_03395028_03395058.jpg",true,"G","",false,"",""
"cpb-aacip-83-074tmx7h_03550580_03395529_03395558.jpg",true,"G","",false,"",""
"cpb-aacip-83-074tmx7h_03550580_03396530_03396559.jpg",true,"G","",false,"",""
"cpb-aacip-83-074tmx7h_03550580_03397030_03397060.jpg",true,"G","",false,"",""
"cpb-aacip-83-074tmx7h_03550580_03399533_03399562.jpg",true,"G","",false,"",""
"cpb-aacip-83-074tmx7h_03550580_03402002_03402031.jpg",true,"","",false,"",""
"cpb-aacip-83-074tmx7h_03550580_03402503_03402532.jpg",true,"","",false,"",""
"cpb-aacip-83-074tmx7h_03550580_03403003_03403032.jpg",true,"C","",true,"",""
"cpb-aacip-83-074tmx7h_03550580_03403504_03403533.jpg",true,"C","",false,"",""
"cpb-aacip-83-074tmx7h_03550580_03404505_03404534.jpg",true,"C","",false,"",""
"cpb-aacip-83-074tmx7h_03550580_03405005_03405034.jpg",true,"C","",false,"",""
"cpb-aacip-83-074tmx7h_03550580_03405506_03405535.jpg",true,"C","",false,"",""
"cpb-aacip-83-074tmx7h_03550580_03406006_03406035.jpg",true,"C","",false,"",""
"cpb-aacip-83-074tmx7h_03550580_03406507_03406536.jpg",true,"C","",false,"",""
"cpb-aacip-83-074tmx7h_03550580_03407007_03407036.jpg",true,"C","",false,"",""
"cpb-aacip-83-074tmx7h_03550580_03407508_03407537.jpg",true,"C","",false,"",""
"cpb-aacip-83-074tmx7h_03550580_03408008_03408037.jpg",true,"C","",false,"",""
"cpb-aacip-83-074tmx7h_03550580_03408509_03408538.jpg",true,"C","",false,"",""
"cpb-aacip-83-074tmx7h_03550580_03409009_03409038.jpg",true,"C","",false,"",""
"cpb-aacip-83-074tmx7h_03550580_03409510_03409539.jpg",true,"C","",false,"",""
"cpb-aacip-83-074tmx7h_03550580_03410010_03410039.jpg",true,"C","",false,"",""
"cpb-aacip-83-074tmx7h_03550580_03410511_03410540.jpg",true,"C","",false,"",""
"cpb-aacip-83-074tmx7h_03550580_03411011_03411040.jpg",true,"C","",false,"",""
"cpb-aacip-83-074tmx7h_03550580_03411512_03411541.jpg",true,"C","",false,"",""
"cpb-aacip-83-074tmx7h_03550580_03411650_03411674.jpg",true,"G","",false,"",""
"cpb-aacip-83-074tmx7h_03550580_03412012_03412041.jpg",true,"C","",false,"",""
"cpb-aacip-83-074tmx7h_03550580_03412513_03412542.jpg",true,"C","",false,"",""
"cpb-aacip-83-074tmx7h_03550580_03413013_03413042.jpg",true,"C","",false,"",""
"cpb-aacip-83-074tmx7h_03550580_03413514_03413543.jpg",true,"C","",false,"",""
"cpb-aacip-83-074tmx7h_03550580_03414014_03414043.jpg",true,"C","",false,"",""
"cpb-aacip-83-074tmx7h_03550580_03414515_03414544.jpg",true,"C","",true,"",""
"cpb-aacip-83-074tmx7h_03550580_03415015_03415044.jpg",true,"","",false,"",""
"cpb-aacip-83-074tmx7h_03550580_03444011_03444040.jpg",true,"C","",true,"",""
"cpb-aacip-83-074tmx7h_03550580_03444144_03444174.jpg",true,"C","",true,"",""
"cpb-aacip-83-074tmx7h_03550580_03444511_03444541.jpg",true,"C","",false,"",""
"cpb-aacip-83-074tmx7h_03550580_03445012_03445041.jpg",true,"C","",false,"",""
"cpb-aacip-83-074tmx7h_03550580_03445512_03445542.jpg",true,"C","",false,"",""
"cpb-aacip-83-074tmx7h_03550580_03446013_03446042.jpg",true,"C","",false,"",""
"cpb-aacip-83-074tmx7h_03550580_03446513_03446543.jpg",true,"C","",false,"",""
"cpb-aacip-83-074tmx7h_03550580_03447014_03447043.jpg",true,"C","",false,"",""
"cpb-aacip-83-074tmx7h_03550580_03447514_03447544.jpg",true,"C","",false,"",""
"cpb-aacip-83-074tmx7h_03550580_03448015_03448044.jpg",true,"C","",false,"",""
"cpb-aacip-83-074tmx7h_03550580_03448281_03448311.jpg",true,"C","",false,"",""
"cpb-aacip-83-074tmx7h_03550580_03448515_03448545.jpg",true,"C","",false,"",""
"cpb-aacip-83-074tmx7h_03550580_03449016_03449045.jpg",true,"C","",false,"",""
"cpb-aacip-83-074tmx7h_03550580_03451518_03451548.jpg",true,"C","",false,"",""
"cpb-aacip-83-074tmx7h_03550580_03452418_03452449.jpg",true,"C","",false,"",""
"cpb-aacip-83-074tmx7h_03550580_03454021_03454050.jpg",true,"C","",false,"",""
"cpb-aacip-83-074tmx7h_03550580_03454521_03454551.jpg",true,"C","",false,"",""
"cpb-aacip-83-074tmx7h_03550580_03455022_03455051.jpg",true,"C","",false,"",""
"cpb-aacip-83-074tmx7h_03550580_03455522_03455552.jpg",true,"C","",false,"",""
"cpb-aacip-83-074tmx7h_03550580_03456023_03456052.jpg",true,"C","",false,"",""
"cpb-aacip-83-074tmx7h_03550580_03456523_03456553.jpg",true,"C","",false,"",""
"cpb-aacip-83-074tmx7h_03550580_03456555_03456586.jpg",true,"C","",false,"",""
"cpb-aacip-83-074tmx7h_03550580_03457024_03457053.jpg",true,"C","",false,"",""
"cpb-aacip-83-074tmx7h_03550580_03458025_03458054.jpg",true,"C","",false,"",""
"cpb-aacip-83-074tmx7h_03550580_03458525_03458555.jpg",true,"C","",false,"",""
"cpb-aacip-83-074tmx7h_03550580_03460327_03460356.jpg",true,"C","",false,"",""
"cpb-aacip-83-074tmx7h_03550580_03460527_03460557.jpg",true,"C","",false,"",""
"cpb-aacip-83-074tmx7h_03550580_03460692_03460723.jpg",true,"C","",false,"",""
"cpb-aacip-83-074tmx7h_03550580_03461528_03461558.jpg",true,"C","",false,"",""
"cpb-aacip-83-074tmx7h_03550580_03463030_03463059.jpg",true,"C","",false,"",""
"cpb-aacip-83-074tmx7h_03550580_03463530_03463560.jpg",true,"C","",false,"",""
"cpb-aacip-83-074tmx7h_03550580_03464031_03464060.jpg",true,"C","",false,"",""
"cpb-aacip-83-074tmx7h_03550580_03464531_03464561.jpg",true,"C","",false,"",""
"cpb-aacip-83-074tmx7h_03550580_03464829_03464861.jpg",true,"C","",false,"",""
"cpb-aacip-83-074tmx7h_03550580_03465032_03465061.jpg",true,"C","",false,"",""
"cpb-aacip-83-074tmx7h_03550580_03465532_03465562.jpg",true,"C","",false,"",""
"cpb-aacip-83-074tmx7h_03550580_03466533_03466563.jpg",true,"C","",false,"",""
"cpb-aacip-83-074tmx7h_03550580_03467000_03467030.jpg",true,"C","",false,"",""
"cpb-aacip-83-074tmx7h_03550580_03467501_03467530.jpg",true,"C","",false,"",""
"cpb-aacip-83-074tmx7h_03550580_03468001_03468031.jpg",true,"C","",false,"",""
"cpb-aacip-83-074tmx7h_03550580_03468502_03468531.jpg",true,"C","",false,"",""
"cpb-aacip-83-074tmx7h_03550580_03468966_03468998.jpg",true,"C","",false,"",""
"cpb-aacip-83-074tmx7h_03550580_03469002_03469032.jpg",true,"C","",false,"",""
"cpb-aacip-83-074tmx7h_03550580_03470504_03470533.jpg",true,"C","",false,"",""
"cpb-aacip-83-074tmx7h_03550580_03471004_03471034.jpg",true,"C","",false,"",""
"cpb-aacip-83-074tmx7h_03550580_03471505_03471534.jpg",true,"C","",false,"",""
"cpb-aacip-83-074tmx7h_03550580_03472005_03472035.jpg",true,"C","",false,"",""
"cpb-aacip-83-074tmx7h_03550580_03473006_03473036.jpg",true,"C","",false,"",""
"cpb-aacip-83-074tmx7h_03550580_03473103_03473136.jpg",true,"C","",false,"",""
"cpb-aacip-83-074tmx7h_03550580_03473507_03473536.jpg",true,"C","",false,"",""
"cpb-aacip-83-074tmx7h_03550580_03474007_03474037.jpg",true,"C","",false,"",""
"cpb-aacip-83-074tmx7h_03550580_03474508_03474537.jpg",true,"C","",false,"",""
"cpb-aacip-83-074tmx7h_03550580_03475008_03475038.jpg",true,"C","",false,"",""
"cpb-aacip-83-074tmx7h_03550580_03475509_03475538.jpg",true,"C","",false,"",""
"cpb-aacip-83-074tmx7h_03550580_03476009_03476039.jpg",true,"C","",false,"",""
"cpb-aacip-83-074tmx7h_03550580_03476510_03476539.jpg",true,"C","",false,"",""
"cpb-aacip-83-074tmx7h_03550580_03477010_03477040.jpg",true,"C","",false,"",""
"cpb-aacip-83-074tmx7h_03550580_03477240_03477240.jpg",true,"C","",false,"",""
"cpb-aacip-83-074tmx7h_03550580_03477511_03477540.jpg",true,"C","",false,"",""
"cpb-aacip-83-074tmx7h_03550580_03478011_03478041.jpg",true,"R","",false,"",""
"cpb-aacip-83-074tmx7h_03550580_03478512_03478541.jpg",true,"R","",false,"",""
"cpb-aacip-83-074tmx7h_03550580_03479012_03479042.jpg",true,"R","",false,"",""
"cpb-aacip-83-074tmx7h_03550580_03479513_03479542.jpg",true,"R","",false,"",""
"cpb-aacip-83-074tmx7h_03550580_03480013_03480043.jpg",true,"R","",false,"",""
"cpb-aacip-83-074tmx7h_03550580_03480514_03480543.jpg",true,"R","",false,"",""
"cpb-aacip-83-074tmx7h_03550580_03481014_03481044.jpg",true,"R","",false,"",""
"cpb-aacip-83-074tmx7h_03550580_03481377_03481377.jpg",true,"R","",true,"",""
"cpb-aacip-83-074tmx7h_03550580_03515949_03515979.jpg",true,"","",false,"",""
"cpb-aacip-83-074tmx7h_03550580_03550517_03550547.jpg",true,"","",false,"",""
