at,scene-type,skipped,role-fillers
00:14:08.848,credits,False,
00:14:09.349,credits,True,DUPLICATE
00:14:09.849,credits,True,DUPLICATE
00:14:10.350,credits,True,DUPLICATE
00:14:10.850,credits,True,DUPLICATE
00:14:11.351,credits,True,DUPLICATE
00:14:11.851,credits,True,DUPLICATE
00:14:12.352,credits,True,DUPLICATE
00:14:13.853,credits,True,DUPLICATE
00:14:14.354,credits,True,DUPLICATE
00:14:14.854,credits,True,DUPLICATE
00:14:15.355,credits,True,DUPLICATE
00:14:15.855,credits,True,DUPLICATE
00:14:16.356,credits,True,DUPLICATE
