,guid,timePoint,scene_label,cleaned_text,silver_standard_annotation
0,cpb-aacip-526-jh3cz33b2z,1682683,credits,CAMERA OPERATORS SALLY LEFEVRE DARRELL STEWART TERRY SPAIDE Ohio ournal,CAMERA@BR:1 OPERATORS@IR:1 SALLY@BF:1 LEFEVRE@IF:1 DARRELL@BF:1 STEWART@IF:1 TERRY@BF:1 SPAIDE@IF:1 Ohio@O ournal@O
1,cpb-aacip-507-736m03zh49,1942943,chyron,NHOO (RWIN Sociologist,NHOO@BF:1 (RWIN@IF:1 Sociologist@BR:1
2,cpb-aacip-283-61rfjj43,3137137,chyron,Rick Gibert SEATTLE/KING COUNTY UNITED WAY,Rick@BF:1 Gibert@IF:1 SEATTLE/KING@BR:1 COUNTY@IR:1 UNITED@IR:1 WAY@IR:1
3,cpb-aacip-526-1j9765bd42,1705706,credits,Post Production Audio PHIL FALKOWSKI Post Production Engineers JOHN REISINGER SCOTT ROSENGREN,Post@BR:1 Production@IR:1 Audio@IR:1 PHIL@BF:1 FALKOWSKI@IF:1 Post@BR:2 Production@IR:2 Engineers@IR:2 JOHN@BF:2 REISINGER@IF:2 SCOTT@BF:2 ROSENGREN@IF:2
4,cpb-aacip-507-tq5r786f7w,383383,chyron,Sen. Barbara Mikulski (D) Maryland,Sen.@BF:1 Barbara@IF:1 Mikulski@IF:1 (D)@BR:1 Maryland@IR:1
5,cpb-aacip-189-784j16n7,86086,chyron,Barber Conable Host,Barber@BF:1 Conable@IF:1 Host@BR:1
6,cpb-aacip-526-1j9765bd42,1690691,credits,Executive Producer CHUCK MCCONNELL,Executive@BR:1 Producer@IR:1 CHUCK@BF:1 MCCONNELL@IF:1
7,cpb-aacip-235-5370swqf,1687688,credits,Engineers LARRY ANDERSON PAT WORCESTER Special Thanks :OL DEBRA MERCY N.O.S.B.,Engineers@BR:1 LARRY@BF:1 ANDERSON@IF:1 PAT@BF:1 WORCESTER@IF:1 Special@BR:2 Thanks@IR:2 :OL@O DEBRA@BF:2 MERCY@IF:2 N.O.S.B.@BF:2
8,cpb-aacip-398-57np5q9c,1145145,chyron,KATHLEEN KOCH CONNECTICUT LAWMAKERS,KATHLEEN@BF:1 KOCH@IF:1 CONNECTICUT@BR:1 LAWMAKERS@IR:1
10,cpb-aacip-293-30prr83h,2412412,chyron,JERE RIFIN Author,JERE@BF:1 RIFIN@IF:1 Author@BR:1
11,cpb-aacip-398-57np5q9c,37037,chyron,Ver BOB DOUGLAS LONENEALODUIDANOD TELEVISION,Ver@O BOB@BF:1 DOUGLAS@IF:1 LONENEALODUIDANOD@BR:1 TELEVISION@IR:1
13,cpb-aacip-507-7h1dj59628,3089089,chyron,PAUL GIGOT Wall Street Journal,PAUL@BF:1 GIGOT@IF:1 Wall@BR:1 Street@IR:1 Journal@IR:1
14,cpb-aacip-283-61rfjj43,2927928,chyron,Rev. David Bloom HOENHO COUNCIL OF GREATER SEATTLE,Rev.@BF:1 David@IF:1 Bloom@IF:1 HOENHO@BR:1 COUNCIL@IR:1 OF@IR:1 GREATER@IR:1 SEATTLE@IR:1
15,cpb-aacip-398-5370s4sx,122122,chyron,CONCERT,CONCERT@O
16,cpb-aacip-507-736m03zh49,1730731,chyron,HOWARD BRODIE Artist,HOWARD@BF:1 BRODIE@IF:1 Artist@BR:1
17,cpb-aacip-507-154dn40c26,1971972,chyron,WILLAM MAYER Defense quawlidded,WILLAM@BF:1 MAYER@IF:1 Defense@BR:1 quawlidded@IR:1
18,cpb-aacip-507-gm81j9807d,2018018,chyron,VOICE OF: RICK INDERFURTH ABC WORLD NEWS TONIGHT,VOICE@O OF@O RICK@BF:1 INDERFURTH@IF:1 ABC@BR:1 WORLD@IR:1 NEWS@IR:1 TONIGHT@IR:1
19,cpb-aacip-283-61rfjj43,1567568,chyron,Martha Dilts DIRECTOR. ETLLIVES EMERGENCY ONISNOH,Martha@BF:1 Dilts@IF:1 DIRECTOR.@BR:1 ETLLIVES@IR:1 EMERGENCY@IR:1 ONISNOH@IR:1
20,cpb-aacip-507-154dn40c26,3218218,chyron,DEBBE HALL Farmer,DEBBE@BF:1 HALL@IF:1 Farmer@BR:1
21,cpb-aacip-507-7h1dj59628,166166,chyron,PRUDENCE BUSHNELL Stata Daparimant,PRUDENCE@BF:1 BUSHNELL@IF:1 Stata@BR:1 Daparimant@IR:1
22,cpb-aacip-526-1j9765bd42,672673,chyron,Sam Trotzke,Sam@O Trotzke@O
23,cpb-aacip-221-03cz924b,1676677,credits,VIDEOTAFE Roger Yoakum CAMERAS Terry Otto John.Doss Ray Siposs,VIDEOTAFE@BR:1 Roger@BF:1 Yoakum@IF:1 CAMERAS@BR:2 Terry@BF:2 Otto@IF:2 John.Doss@BF:2 Ray@BF:2 Siposs@IF:2
24,cpb-aacip-259-4x54hm72,161161,chyron,JOE VIVIZNONNV NEWARK WATER DEPT.,JOE@BF:1 VIVIZNONNV@IF:1 NEWARK@BR:1 WATER@IR:1 DEPT.@IR:1
25,cpb-aacip-221-03cz924b,660661,chyron,PIOJEH TEZE RECIONAL SNT COMMISSIONER,PIOJEH@BF:1 TEZE@IF:1 RECIONAL@BR:1 SNT@IR:1 COMMISSIONER@IR:1
26,cpb-aacip-526-dj58c9s78v,3479479,credits,FILM PRODUCTIO Fred Wessel TILLS PHOTOGRAPHY Mike Brisson,FILM@BR:1 PRODUCTIO@IR:1 Fred@BF:1 Wessel@IF:1 TILLS@BR:2 PHOTOGRAPHY@IR:2 Mike@BF:2 Brisson@IF:2
27,cpb-aacip-259-4x54hm72,1499499,chyron,From: ESPN RAY MANCINI,From:@O ESPN@O RAY@O MANCINI@O
28,cpb-aacip-259-3n20fq7w,726727,chyron,Dr. TENWS ETVOSTE BUTGERS TVOICEW SCHOOL,Dr.@BF:1 TENWS@IF:1 ETVOSTE@IF:1 BUTGERS@BR:1 TVOICEW@IR:1 SCHOOL@IR:1
29,cpb-aacip-507-gm81j9807d,3550551,credits,heMacNeil/Lehre Kicking Atound Producer: Michael Joseloff Videotape Courtesy Of NBC Sports,heMacNeil/Lehre@O Kicking@O Atound@O Producer:@BR:2 Michael@BF:2 Joseloff@IF:2 Videotape@BR:3 Courtesy@IR:3 Of@IR:3 NBC@BF:3 Sports@IF:3
30,cpb-aacip-507-6t0gt5g28c,225225,chyron,JIM LEHRER NOTONIHSVM,JIM@BF:1 LEHRER@IF:1 NOTONIHSVM@BR:1
31,cpb-aacip-507-7h1dj59628,410410,chyron,DR IAN LINDEN Catholic Institute for International Relations,DR@BF:1 IAN@IF:1 LINDEN@IF:1 Catholic@BR:1 Institute@IR:1 for@IR:1 International@IR:1 Relations@IR:1
32,cpb-aacip-507-rj48p5w80b,1176176,chyron,TONY BONILLA LEAGUE OF UNITED LATIN AMERICAN CITIZENS,TONY@BF:1 BONILLA@IF:1 LEAGUE@BR:1 OF@IR:1 UNITED@IR:1 LATIN@IR:1 AMERICAN@IR:1 CITIZENS@IR:1
33,cpb-aacip-283-61rfjj43,2939940,chyron,Bick Gilbert SEATTLE KING AINNOS UNITED WAY,Bick@BF:1 Gilbert@IF:1 SEATTLE@BR:1 KING@IR:1 AINNOS@IR:1 UNITED@IR:1 WAY@IR:1
34,cpb-aacip-507-154dn40c26,1456456,chyron,DR HELEN SINGER KAPLAN New York Hospital,DR@BF:1 HELEN@IF:1 SINGER@IF:1 KAPLAN@IF:1 New@BR:1 York@IR:1 Hospital@IR:1
36,cpb-aacip-41-10wpzpt5,1780781,credits,"ideotape TONY,REALE","ideotape@BR:1 TONY,REALE@BF:1"
37,cpb-aacip-259-4x54hm72,1663664,credits,"MIDEOTAPE EDITORS PASQUALE ONIWIDNVS EON MARTIN, JIM DEVENNE",MIDEOTAPE@BR:1 EDITORS@IR:1 PASQUALE@BF:1 ONIWIDNVS@IF:1 EON@BF:1 MARTIN@IF:1 JIM@BF:1 DEVENNE@IF:1
38,cpb-aacip-283-61rfjj43,2327327,chyron,Hon. Tedl Wilson MAYOR. SALT LAKE CITY,Hon.@BF:1 Tedl@IF:1 Wilson@IF:1 MAYOR.@BR:1 SALT@IR:1 LAKE@IR:1 CITY@IR:1
40,cpb-aacip-507-154dn40c26,3041041,chyron,RAY POWELL Former Loan Officer,RAY@BF:1 POWELL@IF:1 Former@BR:1 Loan@IR:1 Officer@IR:1
41,cpb-aacip-81-902z3f9j,1744745,credits,producer Sandra Elkin,producer@BR:1 Sandra@BF:1 Elkin@IF:1
42,cpb-aacip-41-10wpzpt5,1776777,credits,Audio OLIN JENKINS IQO FR BEN,Audio@BR:1 OLIN@BF:1 JENKINS@IF:1 IQO@O FR@O BEN@O
43,cpb-aacip-526-sb3ws8js1h,664665,chyron,CALVIN GUEST TEXAS DEM. PARTY CHMN.,CALVIN@BF:1 GUEST@IF:1 TEXAS@BR:1 DEM.@IR:1 PARTY@IR:1 CHMN.@IR:1
44,cpb-aacip-507-736m03zh49,3541542,credits,TheMacNeil/Lchrer Electtonic Graphics ANN C.LPENNYPACKER Electronic Stills CHARLENE D. SINGLETON,TheMacNeil/Lchrer@BR:1 Electtonic@IR:1 Graphics@IR:1 ANN@BF:1 C.LPENNYPACKER@IF:1 Electronic@BR:2 Stills@IR:2 CHARLENE@BF:2 D.@IF:2 SINGLETON@IF:2
45,cpb-aacip-259-3j39316x,1378378,chyron,Jonathan Chang FLUTIST,Jonathan@BF:1 Chang@IF:1 FLUTIST@BR:1
46,cpb-aacip-507-736m03zh49,514515,chyron,DR. DAVD LESSLER FDA Commissioner,DR.@BF:1 DAVD@IF:1 LESSLER@IF:1 FDA@BR:1 Commissioner@IR:1
47,cpb-aacip-189-784j16n7,1367367,chyron,Barber Corable Host,Barber@BF:1 Corable@IF:1 Host@BR:1
48,cpb-aacip-507-tq5r786f7w,1800801,chyron,Jonathan Landay Christian Science Monitor,Jonathan@BF:1 Landay@IF:1 Christian@BR:1 Science@IR:1 Monitor@IR:1
49,cpb-aacip-283-61rfjj43,1861862,chyron,Rev. Norm Riggins NOILVE3do NIGHTWATCH,Rev.@BF:1 Norm@IF:1 Riggins@IF:1 NOILVE3do@BR:1 NIGHTWATCH@IR:1
50,cpb-aacip-507-ms3jw87c9c,1319319,chyron,"Munir Akram ""N'N Ambassador, Pakistan","Munir@BF:1 Akram@IF:1 ""N'N@BR:1 Ambassador,@IR:1 Pakistan@IR:1"
51,cpb-aacip-507-tq5r786f7w,2225225,chyron,Dervish Ukehaxhaj,Dervish@O Ukehaxhaj@O
52,cpb-aacip-507-ms3jw87c9c,2625626,chyron,"Cheng Siwei Vice Chairman, Standing Committee of the National People's Congress","Cheng@BF:1 Siwei@IF:1 Vice@BR:1 Chairman,@IR:1 Standing@IR:1 Committee@IR:1 of@IR:1 the@IR:1 National@IR:1 People's@IR:1 Congress@IR:1"
53,cpb-aacip-507-gm81j9807d,2077077,chyron,ROBERT SIMMS Ud60jued Spokesman,ROBERT@BF:1 SIMMS@IF:1 Ud60jued@BR:1 Spokesman@IR:1
55,cpb-aacip-259-3n20fq7w,227227,chyron,FORKED RIVER OCEAN AINNOS,FORKED@O RIVER@O OCEAN@O AINNOS@O
56,cpb-aacip-259-3j39316x,1264264,chyron,Rabbi Barry Friedman TEMPLE B'NAI ABRAHAM,Rabbi@BF:1 Barry@IF:1 Friedman@IF:1 TEMPLE@BR:1 B'NAI@IR:1 ABRAHAM@IR:1
57,cpb-aacip-283-61rfjj43,1785786,chyron,Deanna Grace SHELTER STAFF,Deanna@BF:1 Grace@IF:1 SHELTER@BR:1 STAFF@IR:1
58,cpb-aacip-526-dj58c9s78v,547548,chyron,Sylvia Wilber,Sylvia@O Wilber@O
59,cpb-aacip-507-6t0gt5g28c,683684,chyron,REP. GUY ANDER JAGT (R) MICHIGAN,REP.@BF:1 GUY@IF:1 ANDER@IF:1 JAGT@IF:1 (R)@BR:1 MICHIGAN@IR:1
60,cpb-aacip-507-7h1dj59628,2480480,chyron,Indianapolis CLARENCE PAGE Chipago Tribune,Indianapolis@O CLARENCE@BF:1 PAGE@IF:1 Chipago@BR:1 Tribune@IR:1
61,cpb-aacip-235-5370swqf,1061061,chyron,"Elizabeth Larman, Coach Dimond High School",Elizabeth@BF:1 Larman@IF:1 Coach@BR:1 Dimond@IR:1 High@IR:1 School@IR:1
62,cpb-aacip-221-03cz924b,476476,chyron,Lawrence Baill KAN NOTEVIBOSSV MANAGER,Lawrence@BF:1 Baill@IF:1 KAN@BR:1 NOTEVIBOSSV@IR:1 MANAGER@IR:1
63,cpb-aacip-526-jh3cz33b2z,1666667,credits,PRODUCER/REPORTERS BILL COHEN PEGGY GARVEY ULIT,PRODUCER/REPORTERS@BR:1 BILL@BF:1 COHEN@IF:1 PEGGY@BF:1 GARVEY@IF:1 ULIT@O
64,cpb-aacip-526-jh3cz33b2z,1230230,chyron,REP. DALE LOCKER D-ANNA,REP.@BF:1 DALE@IF:1 LOCKER@IF:1 D-ANNA@BR:1
65,cpb-aacip-507-rj48p5w80b,873874,chyron,GEORGE GRAYSON WILLIAM AND MARY COLLEGE,GEORGE@BF:1 GRAYSON@IF:1 WILLIAM@BR:1 AND@IR:1 MARY@IR:1 COLLEGE@IR:1
66,cpb-aacip-507-736m03zh49,3522523,credits,TheMacNeil/Lchren Au Duecior CATHE ONIHSI Assistant Art Director CALVIN NOWOTOS,TheMacNeil/Lchren@O Au@BR:2 Duecior@IR:2 CATHE@BF:2 ONIHSI@IF:2 Assistant@BR:3 Art@IR:3 Director@IR:3 CALVIN@BF:3 NOWOTOS@IF:3
67,cpb-aacip-398-57np5q9c,1065065,chyron,TOM SELLECK ACTOR,TOM@BF:1 SELLECK@IF:1 ACTOR@BR:1
68,cpb-aacip-526-1j9765bd42,1538539,chyron,"Dr. Harold Raynolds, Jr. Aks. Commissioner of Education","Dr.@BF:1 Harold@IF:1 Raynolds,@IF:1 Jr.@IF:1 Aks.@BR:1 Commissioner@IR:1 of@IR:1 Education@IR:1"
69,cpb-aacip-526-1j9765bd42,895896,chyron,Jimmy Charles NAHS,Jimmy@BF:1 Charles@IF:1 NAHS@BR:1
70,cpb-aacip-526-1j9765bd42,695696,chyron,Bo Ruth Charles Ak. Gateway Dist. School Board,Bo@BF:1 Ruth@IF:1 Charles@IF:1 Ak.@BR:1 Gateway@IR:1 Dist.@IR:1 School@IR:1 Board@IR:1
71,cpb-aacip-507-862b854459,2547548,chyron,"Voice of Interpreter Michael Didama Editor, Le Temps","Voice@O of@O Interpreter@O Michael@BF:1 Didama@IF:1 Editor,@BR:1 Le@IR:1 Temps@IR:1"
72,cpb-aacip-221-03cz924b,328328,chyron,Graciela Zavala LECAL AID SOCIETY ATTORNEY,Graciela@BF:1 Zavala@IF:1 LECAL@BR:1 AID@IR:1 SOCIETY@IR:1 ATTORNEY@IR:1
73,cpb-aacip-507-rj48p5w80b,770771,chyron,SEN. NOSTEEVH SCHMITT (H) OSIXER-MEN,SEN.@BF:1 NOSTEEVH@IF:1 SCHMITT@IF:1 (H)@BR:1 OSIXER-MEN@IR:1
74,cpb-aacip-507-rj48p5w80b,612613,chyron,WASHINGTON GEORGE GRAYSON WILLIAM AND MARY COLLEGE,WASHINGTON@O GEORGE@BF:1 GRAYSON@IF:1 WILLIAM@BR:1 AND@IR:1 MARY@IR:1 COLLEGE@IR:1
75,cpb-aacip-507-862b854459,234234,chyron,"Columus Sen. Bob Graham Chmn., Select Intelligence Cmte.","Columus@O Sen.@BF:1 Bob@IF:1 Graham@IF:1 Chmn.,@BR:1 Select@IR:1 Intelligence@IR:1 Cmte.@IR:1"
76,cpb-aacip-526-jh3cz33b2z,1199199,chyron,LARRY KANDEL OHIO FARM nvaana,LARRY@BF:1 KANDEL@IF:1 OHIO@BR:1 FARM@IR:1 nvaana@IR:1
77,cpb-aacip-398-5370s4sx,2896897,credits,"suecial ricuks John Midyene TIT andlAssociates, ar Trethewey ""soig Inc. Corporation.","suecial@O ricuks@O John@O Midyene@O TIT@O andlAssociates,@O ar@O Trethewey@O ""soig@O Inc.@O Corporation.@O"
78,cpb-aacip-526-jh3cz33b2z,1673674,credits,TECHNICAL DIRECTOR BRUCE GROMEN,TECHNICAL@BR:1 DIRECTOR@IR:1 BRUCE@BF:1 GROMEN@IF:1
79,cpb-aacip-526-3r0pr7nr8r,1064064,chyron,Alastair Ross Goobey Investment isibeiens James Capel lod Co.,Alastair@BF:1 Ross@IF:1 Goobey@IF:1 Investment@BR:1 isibeiens@IR:1 James@IR:1 Capel@IR:1 lod@IR:1 Co.@IR:1
80,cpb-aacip-507-862b854459,3793794,chyron,"Colunns Sen. Bob Graham Chmn., Select Intelligence Cmte.","Colunns@O Sen.@BF:1 Bob@IF:1 Graham@IF:1 Chmn.,@BR:1 Select@IR:1 Intelligence@IR:1 Cmte.@IR:1"
81,cpb-aacip-259-4x54hm72,284284,chyron,SVIOHOIN CORBISCELLO FORT LEE MAYOB,SVIOHOIN@BF:1 CORBISCELLO@IF:1 FORT@BR:1 LEE@IR:1 MAYOB@IR:1
82,cpb-aacip-526-3r0pr7nr8r,541542,chyron,Scott Gurvey Chicago,Scott@BF:1 Gurvey@IF:1 Chicago@BR:1
83,cpb-aacip-283-61rfjj43,3435435,credits,AqOL Higashi EDITOR David Davis atim Jom Speer NARRATOR,AqOL@O Higashi@O EDITOR@BR:1 David@BF:1 Davis@IF:1 atim@O Jom@BF:1 Speer@IF:1 NARRATOR@O
85,cpb-aacip-283-61rfjj43,2877878,chyron,Dr. Harvey Vieth DIRECTOR. TVEBOE TASK FORCE NO SSENSSETEWOH,Dr.@BF:1 Harvey@IF:1 Vieth@IF:1 DIRECTOR.@BR:1 TVEBOE@IR:1 TASK@IR:1 FORCE@IR:1 NO@IR:1 SSENSSETEWOH@IR:1
86,cpb-aacip-507-736m03zh49,1920921,chyron,JOANNE SUTRO KQED Spokesperson,JOANNE@BF:1 SUTRO@IF:1 KQED@BR:1 Spokesperson@IR:1
87,cpb-aacip-526-3r0pr7nr8r,1147147,chyron,udesor Hardiman President Natl. Assn. of Securities Dealers,udesor@BF:1 Hardiman@IF:1 President@BR:1 Natl.@IR:1 Assn.@IR:1 of@IR:1 Securities@IR:1 Dealers@IR:1
88,cpb-aacip-526-3r0pr7nr8r,1024024,chyron,"Marc Faber Managing Director Drexel Bumham, Hong Kong","Marc@BF:1 Faber@IF:1 Managing@BR:1 Director@IR:1 Drexel@IR:1 Bumham,@IR:1 Hong@IR:1 Kong@IR:1"
89,cpb-aacip-507-736m03zh49,1016016,chyron,ROGER CONEMAN National Food Processors Association,ROGER@BF:1 CONEMAN@IF:1 National@BR:1 Food@IR:1 Processors@IR:1 Association@IR:1
90,cpb-aacip-507-862b854459,2685686,chyron,Donald Norland Former U.S. Ambassador to Chad,Donald@BF:1 Norland@IF:1 Former@BR:1 U.S.@IR:1 Ambassador@IR:1 to@IR:1 Chad@IR:1
91,cpb-aacip-283-61rfjj43,487487,chyron,Ken Cole DIRECTOR. NMOLNMOG KONESSENE SERVICE CENTER,Ken@BF:1 Cole@IF:1 DIRECTOR.@BR:1 NMOLNMOG@IR:1 KONESSENE@IR:1 SERVICE@IR:1 CENTER@IR:1
92,cpb-aacip-507-tq5r786f7w,700701,chyron,"Sen. Orrin Hatch Chairman, Judiciary Committee","Sen.@BF:1 Orrin@IF:1 Hatch@IF:1 Chairman,@BR:1 Judiciary@IR:1 Committee@IR:1"
93,cpb-aacip-526-jh3cz33b2z,918919,chyron,NVBO TREHIS OIHO FARM BUREAU,NVBO@BF:1 TREHIS@IF:1 OIHO@BR:1 FARM@IR:1 BUREAU@IR:1
94,cpb-aacip-259-4x54hm72,307307,chyron,ZTRISH DEGASPERIS NEW ATHDIN-AESSHEN NEWS,ZTRISH@BF:1 DEGASPERIS@IF:1 NEW@BR:1 ATHDIN-AESSHEN@IR:1 NEWS@IR:1
95,cpb-aacip-526-1j9765bd42,1310310,chyron,BEI ren Dr.Judith S. Kleinfeld University of AlaskasFairbanks,BEI@O ren@O Dr.Judith@BF:1 S.@IF:1 Kleinfeld@IF:1 University@BR:1 of@IR:1 AlaskasFairbanks@IR:1
96,cpb-aacip-507-154dn40c26,3259259,chyron,REP. UIM HOYETT (R) lowa,REP.@BF:1 UIM@IF:1 HOYETT@IF:1 (R)@BR:1 lowa@IR:1
97,cpb-aacip-398-57np5q9c,1034034,chyron,sin Hassor LIEBERMAN D-CONNECTICUTS,sin@O Hassor@BF:1 LIEBERMAN@IF:1 D-CONNECTICUTS@BR:1
98,cpb-aacip-507-ms3jw87c9c,1520521,chyron,Lillian Drummond,Lillian@O Drummond@O
99,cpb-aacip-507-tq5r786f7w,3048048,chyron,"Donald Rumsfeld Chmn., Ballistic Missile Threat Comm.","Donald@BF:1 Rumsfeld@IF:1 Chmn.,@BR:1 Ballistic@IR:1 Missile@IR:1 Threat@IR:1 Comm.@IR:1"
100,cpb-aacip-507-rj48p5w80b,1720721,credits,Videotape Courtesy CABLE NEWSNETWORK INDEPENDENTA TELEVISION NEWS ASSOCIATION,Videotape@BR:1 Courtesy@IR:1 CABLE@BF:1 NEWSNETWORK@IF:1 INDEPENDENTA@BF:1 TELEVISION@IF:1 NEWS@IF:1 ASSOCIATION@IF:1
101,cpb-aacip-526-jh3cz33b2z,1669670,credits,ASS ISTANT DIRECTOR SCOTT LANUM urna,ASS@BR:1 ISTANT@IR:1 DIRECTOR@IR:1 SCOTT@BF:1 LANUM@IF:1 urna@O
103,cpb-aacip-526-jh3cz33b2z,1354354,chyron,LARRY KANDEL OHIO FARM BUREAU,LARRY@BF:1 KANDEL@IF:1 OHIO@BR:1 FARM@IR:1 BUREAU@IR:1
104,cpb-aacip-259-m32n9b08,519520,chyron,WAYNE WILSON COMMECION DIRECTOR,WAYNE@BF:1 WILSON@IF:1 COMMECION@BR:1 DIRECTOR@IR:1
105,cpb-aacip-507-736m03zh49,2708709,chyron,NEGME ALEINIKOFF Law Professor,NEGME@BF:1 ALEINIKOFF@IF:1 Law@BR:1 Professor@IR:1
106,cpb-aacip-259-3j39316x,848849,chyron,Imam Hamad/Ahmad Chebli ISLAMIC CENTER OFCENTRAL JERSEY,Imam@BF:1 Hamad/Ahmad@IF:1 Chebli@IF:1 ISLAMIC@BR:1 CENTER@IR:1 OFCENTRAL@IR:1 JERSEY@IR:1
107,cpb-aacip-526-1j9765bd42,106106,chyron,Molly Hootch Hymes,Molly@O Hootch@O Hymes@O
108,cpb-aacip-507-154dn40c26,3104104,chyron,"DON WILKINSON Governor, Farm Credit Administration","DON@BF:1 WILKINSON@IF:1 Governor,@BR:1 Farm@IR:1 Credit@IR:1 Administration@IR:1"
109,cpb-aacip-507-736m03zh49,1967968,chyron,TOM GOLDSTEIN University of California,TOM@BF:1 GOLDSTEIN@IF:1 University@BR:1 of@IR:1 California@IR:1
110,cpb-aacip-507-rj48p5w80b,1495495,chyron,TONY BONLLA LEAGUE OF CELIND LATIN AMERICAN CITIZENS,TONY@BF:1 BONLLA@IF:1 LEAGUE@BR:1 OF@IR:1 CELIND@IR:1 LATIN@IR:1 AMERICAN@IR:1 CITIZENS@IR:1
111,cpb-aacip-507-6t0gt5g28c,406406,chyron,REP. NHOC BRADEMAS (D) INDIANA,REP.@BF:1 NHOC@IF:1 BRADEMAS@IF:1 (D)@BR:1 INDIANA@IR:1
112,cpb-aacip-526-sb3ws8js1h,1677678,credits,EXECUTIVE PRODUCER STEPHEN-K: MITTELSTET PRODUCERT BOB CROO,EXECUTIVE@BR:1 PRODUCER@IR:1 STEPHEN-K:@BF:1 MITTELSTET@IF:1 PRODUCERT@BR:2 BOB@BF:2 CROO@IF:2
113,cpb-aacip-507-tq5r786f7w,2437437,chyron,"Donald Rumsfeld Chmn., Ballistic Missile Threat Comm.","Donald@BF:1 Rumsfeld@IF:1 Chmn.,@BR:1 Ballistic@IR:1 Missile@IR:1 Threat@IR:1 Comm.@IR:1"
114,cpb-aacip-398-5370s4sx,2884885,credits,Barbara Care unit managen Gail Martin publicist Daphne Noyes,Barbara@O Care@O unit@BR:1 managen@IR:1 Gail@BF:1 Martin@IF:1 publicist@BR:2 Daphne@BF:2 Noyes@IF:2
115,cpb-aacip-131-375tb64j,587588,chyron,Kaitlyn Ross NOW YNN,Kaitlyn@BF:1 Ross@IF:1 NOW@BR:1 YNN@IR:1
116,cpb-aacip-526-dj58c9s78v,1463463,chyron,Arnold WA Chandler WISCONSIN DEPARTMENT OF PUBLIC INSTRUCTION,Arnold@BF:1 WA@IF:1 Chandler@IF:1 WISCONSIN@BR:1 DEPARTMENT@IR:1 OF@IR:1 PUBLIC@IR:1 INSTRUCTION@IR:1
117,cpb-aacip-398-5370s4sx,2881882,credits,Dan Lesiv director of adiminisuration Barbara-Carey unit manager Gail-Martin,Dan@O Lesiv@O director@BR:1 of@IR:1 adiminisuration@IR:1 Barbara-Carey@BF:1 unit@BR:2 manager@IR:2 Gail-Martin@BF:2
118,cpb-aacip-526-3r0pr7nr8r,1653654,credits,Special thanks to: New York Stock Exchange Sindlinger &Co. piojbulliem Pennsylvania Knight-Ridder Tradecenter,Special@BR:1 thanks@IR:1 to:@IR:1 New@BF:1 York@IF:1 Stock@IF:1 Exchange@IF:1 Sindlinger@BF:1 &Co.@IF:1 piojbulliem@IF:1 Pennsylvania@IF:1 Knight-Ridder@BF:1 Tradecenter@IF:1
119,cpb-aacip-526-3r0pr7nr8r,735736,chyron,Philadelphia Arthur Laffer President's Economic Policy Advisory Board,Philadelphia@O Arthur@BF:1 Laffer@IF:1 President's@BR:1 Economic@IR:1 Policy@IR:1 Advisory@IR:1 Board@IR:1
120,cpb-aacip-507-736m03zh49,3500501,credits,ANPUPTIFNSENT Executive Editor ROBERT MACNEIL,ANPUPTIFNSENT@O Executive@BR:1 Editor@IR:1 ROBERT@BF:1 MACNEIL@IF:1
121,cpb-aacip-507-154dn40c26,957958,chyron,DR. MATT NEWMAN Antt-AIDS Citizens Group,DR.@BF:1 MATT@IF:1 NEWMAN@IF:1 Anti-AIDS@BR:1 Citizens@IR:1 Group@IR:1
122,cpb-aacip-507-154dn40c26,2081081,chyron,PAUL CASTRO,PAUL@O CASTRO@O
123,cpb-aacip-259-4x54hm72,1570571,chyron,PAM CASALE,PAM@O CASALE@O
124,cpb-aacip-507-gm81j9807d,2139139,chyron,MARK BRENDER ABC NEWS,MARK@BF:1 BRENDER@IF:1 ABC@BR:1 NEWS@IR:1
125,cpb-aacip-507-tq5r786f7w,3161161,chyron,Richard Rodriguez Pacific News Service,Richard@BF:1 Rodriguez@IF:1 Pacific@BR:1 News@IR:1 Service@IR:1
127,cpb-aacip-526-1j9765bd42,124124,chyron,Dr. Marshall Lind University of AlaskarJuneau,Dr.@BF:1 Marshall@IF:1 Lind@IF:1 University@BR:1 of@IR:1 AlaskarJuneau@IR:1
128,cpb-aacip-259-m32n9b08,152152,chyron,SANDRA KING REPORTING,SANDRA@BF:1 KING@IF:1 REPORTING@BR:1
130,cpb-aacip-507-862b854459,2346346,chyron,Gregor Binkert World Bank,Gregor@BF:1 Binkert@IF:1 World@BR:1 Bank@IR:1
131,cpb-aacip-235-5370swqf,1682683,credits,HOST RONDAMMEBRIDE Videographers. MICHAEL JUSTICE Editor,HOST@BR:1 RONDAMMEBRIDE@BF:1 Videographers@BR:2 MICHAEL@BF:2 JUSTICE@IF:2 Editor@BR:3
132,cpb-aacip-41-10wpzpt5,1766767,credits,Executive Producer BERYLIDAKERS,Executive@BR:1 Producer@IR:1 BERYLIDAKERS@BF:1
133,cpb-aacip-131-375tb64j,711712,chyron,Kaitiyn Ross NOW,Kaitiyn@O Ross@O NOW@O
134,cpb-aacip-526-3r0pr7nr8r,1227227,chyron,NI BR Bob Friedman Washington,NI@O BR@O Bob@BF:1 Friedman@IF:1 Washington@BR:1
135,cpb-aacip-507-gm81j9807d,968969,chyron,JAMES BURNLEY Transportation Department,JAMES@BF:1 BURNLEY@IF:1 Transportation@BR:1 Department@IR:1
136,cpb-aacip-526-3r0pr7nr8r,227227,chyron,"Thursday, Oct.",Thursday@O Oct.@O
137,cpb-aacip-526-dj58c9s78v,3483483,credits,AUDIO Bob Batal Roger Vanderperren Dean Thomas Howard Winkier,AUDIO@BR:1 Bob@BF:1 Batal@IF:1 Roger@BF:1 Vanderperren@IF:1 Dean@BF:1 Thomas@IF:1 Howard@BF:1 Winkier@IF:1
138,cpb-aacip-507-ms3jw87c9c,2683684,chyron,"Voice of Interpreter Rong Yonglin Chairman, Tsinghua Tongfang ar","Voice@O of@O Interpreter@O Rong@BF:1 Yonglin@IF:1 Chairman,@BR:1 Tsinghua@IR:1 Tongfang@IR:1 ar@O"
139,cpb-aacip-526-3r0pr7nr8r,284284,chyron,"Dudley Eppel ATINDE Trading Chief Donaldson, Lufkin & Jenrette","Dudley@BF:1 Eppel@IF:1 ATINDE@BR:1 Trading@IR:1 Chief@IR:1 Donaldson,@IR:1 Lufkin@IR:1 &@IR:1 Jenrette@IR:1"
140,cpb-aacip-507-7h1dj59628,1826827,chyron,ED BAUMEISTER Trenton Times,ED@BF:1 BAUMEISTER@IF:1 Trenton@BR:1 Times@IR:1
141,cpb-aacip-526-3r0pr7nr8r,853854,chyron,"Robert Reich Prof, Kennedy School/ Govt. Harvard University","Robert@BF:1 Reich@IF:1 Prof,@BR:1 Kennedy@IR:1 School/@IR:1 Govt.@IR:1 Harvard@IR:1 University@IR:1"
142,cpb-aacip-901dfeea4db,3603604,credits,TECHNICAL DIRECTOR WALT BJERKE,TECHNICAL@BR:1 DIRECTOR@IR:1 WALT@BF:1 BJERKE@IF:1
143,cpb-aacip-189-623bk932,1686687,credits,reloade inanks TO HOUSEWORKS Executive Producer Chris Zimmerman,reloade@O inanks@O TO@O HOUSEWORKS@O Executive@BR:2 Producer@IR:2 Chris@BF:2 Zimmerman@IF:2
144,cpb-aacip-526-jh3cz33b2z,411411,chyron,ANNHOC ELLIS LOTTERY CUSTOMER,ANNHOC@BF:1 ELLIS@IF:1 LOTTERY@BR:1 CUSTOMER@IR:1
145,cpb-aacip-507-154dn40c26,2782783,chyron,JOE TOMEASLEY Civil Rights Lawyer AV,JOE@BF:1 TOMEASLEY@IF:1 Civil@BR:1 Rights@IR:1 Lawyer@IR:1 AV@O
146,cpb-aacip-507-736m03zh49,3504505,credits,TheMacNcil/Lchrer Correspondents TOM BEARDEN ELIZABETHI BRACKETT KWAME HOLMAN CHARLES KRAUSE ROGER MUDD,TheMacNcil/Lchrer@O Correspondents@BR:1 TOM@BF:1 BEARDEN@IF:1 ELIZABETH@BF:1 BRACKETT@IF:1 KWAME@BF:1 HOLMAN@IF:1 CHARLES@BF:1 KRAUSE@IF:1 ROGER@BF:1 MUDD@IF:1
147,cpb-aacip-235-5370swqf,1158158,chyron,Apnr McDonald Science Bowl Coordinator,Apnr@BF:1 McDonald@IF:1 Science@BR:1 Bowl@IR:1 Coordinator@IR:1
148,cpb-aacip-81-902z3f9j,696697,chyron,Dr. Benjaming Spock,Dr.@O Benjaming@O Spock@O
149,cpb-aacip-507-tq5r786f7w,2506507,chyron,Richard Garwin Ballistic Missile Threat Comm.,Richard@BF:1 Garwin@IF:1 Ballistic@BR:1 Missile@IR:1 Threat@IR:1 Comm.@IR:1
150,cpb-aacip-507-154dn40c26,516517,chyron,RITA LAVELLE Former E.P.A. Official,RITA@BF:1 LAVELLE@IF:1 Former@BR:1 E.P.A.@IR:1 Official@IR:1
151,cpb-aacip-259-m32n9b08,1253253,chyron,FROM ESPN- CROSS COUNTRY CABLE,FROM@O ESPN-@O CROSS@O COUNTRY@O CABLE@O
152,cpb-aacip-507-154dn40c26,2146146,chyron,DENVER AVER DR THOMAS VERNON Colorado Health Dept.,DENVER@O AVER@O DR@BF:1 THOMAS@IF:1 VERNON@IF:1 Colorado@BR:1 Health@IR:1 Dept.@IR:1
153,cpb-aacip-507-ms3jw87c9c,2945946,chyron,Ben Brantley The New York Times,Ben@BF:1 Brantley@IF:1 The@BR:1 New@IR:1 York@IR:1 Times@IR:1
154,cpb-aacip-507-ms3jw87c9c,806807,chyron,Erick Sacks U.S.Air Force,Erick@BF:1 Sacks@IF:1 U.S.Air@BR:1 Force@IR:1
155,cpb-aacip-507-tq5r786f7w,1638639,chyron,Nebojsa Vujovic Embassy of Yugoslavia,Nebojsa@BF:1 Vujovic@IF:1 Embassy@BR:1 of@IR:1 Yugoslavia@IR:1
156,cpb-aacip-526-1j9765bd42,1710711,credits,Electronic Graphics TIM OLSON ALLUVIN DDANIICTION,Electronic@BR:1 Graphics@IR:1 TIM@BF:1 OLSON@IF:1 ALLUVIN@O DDANIICTION@O
157,cpb-aacip-526-1j9765bd42,1162162,chyron,"KIED Leighty, Pringipal Dot Lake School,","KIED@BF:1 Leighty,@IF:1 Pringipal@BR:1 Dot@IR:1 Lake@IR:1 School,@IR:1"
158,cpb-aacip-507-154dn40c26,1810811,chyron,MATHILDE KRIMEHD AIDS Medical Foundation,MATHILDE@BF:1 KRIMEHD@IF:1 AIDS@BR:1 Medical@IR:1 Foundation@IR:1
159,cpb-aacip-507-154dn40c26,359359,chyron,REP. THOMAS P. O'NEILL Spenker of EITI House,REP.@BF:1 THOMAS@IF:1 P.@IF:1 O'NEILL@IF:1 Spenker@BR:1 of@IR:1 EITI@IR:1 House@IR:1
160,cpb-aacip-507-862b854459,2767768,chyron,Terence Smith,Terence@O Smith@O
161,cpb-aacip-507-736m03zh49,3507508,credits,TheMacNcil/Lchrer News Eclitor ANNETTE MILLER Assignment Editor oraavw BROOKS,TheMacNcil/Lchrer@O News@O Eclitor@BR:1 ANNETTE@BF:1 MILLER@IF:1 Assignment@BR:2 Editor@IR:2 oraavw@BF:2 BROOKS@IF:2
162,cpb-aacip-507-rj48p5w80b,444444,chyron,SENT NOSTETA LEKHOS (R) MEN OOIXEN,SENT@BF:1 NOSTETA@IF:1 LEKHOS@IF:1 (R)@BR:1 MEN@IR:1 OOIXEN@IR:1
163,cpb-aacip-507-rj48p5w80b,150150,chyron,WIC DEHRER WASHINGTON,WIC@BF:1 DEHRER@IF:1 WASHINGTON@BR:1
164,cpb-aacip-526-jh3cz33b2z,1663664,credits,PRODUCER/DIRECTOR GEORGE ZIMMERMANN,PRODUCER/DIRECTOR@BR:1 GEORGE@BF:1 ZIMMERMANN@IF:1
165,cpb-aacip-398-57np5q9c,214214,chyron,Braton amast coartha SEN. JOHN NOSNU7 D-PRESIDENT PRO TEM,Braton@O amast@O coartha@O SEN.@BF:1 JOHN@IF:1 NOSNU7@IF:1 D-PRESIDENT@BR:1 PRO@IR:1 TEM@IR:1
166,cpb-aacip-507-tq5r786f7w,838839,chyron,Stuart Knight Former Secret Service Director,Stuart@BF:1 Knight@IF:1 Former@BR:1 Secret@IR:1 Service@IR:1 Director@IR:1
167,cpb-aacip-507-gm81j9807d,562563,chyron,STEVEN TOBIN Travel Agent,STEVEN@BF:1 TOBIN@IF:1 Travel@BR:1 Agent@IR:1
168,cpb-aacip-131-375tb64j,727728,chyron,Casey Seiler NOW TIMESEUNION,Casey@BF:1 Seiler@IF:1 NOW@O TIMESEUNION@BR:1
169,cpb-aacip-507-154dn40c26,1263263,chyron,"MATHILDE KRIM, PHL AIDS Medical",MATHILDE@BF:1 KRIM@IF:1 PHL@IF:1 AIDS@BR:1 Medical@IR:1
170,cpb-aacip-507-tq5r786f7w,2255255,chyron,Josef Hajrizi,Josef@O Hajrizi@O
171,cpb-aacip-507-7h1dj59628,1978979,chyron,Atlanta CYNTHIA TUCKER Atlanta Constitution,Atlanta@O CYNTHIA@BF:1 TUCKER@IF:1 Atlanta@BR:1 Constitution@IR:1
172,cpb-aacip-526-1j9765bd42,1110110,chyron,Ruth Charles Aks. Gateway-Dist. School Board,Ruth@BF:1 Charles@IF:1 Aks.@BR:1 Gateway-Dist.@IR:1 School@IR:1 Board@IR:1
173,cpb-aacip-507-154dn40c26,757758,chyron,WALTER WARD INY.C. Councilman,WALTER@BF:1 WARD@IF:1 INY.C.@BR:1 Councilman@IR:1
174,cpb-aacip-221-03cz924b,568569,chyron,Harolitzell REGIONAL SNT COMMISSIONER,Harolitzell@BF:1 REGIONAL@BR:1 SNT@IR:1 COMMISSIONER@IR:1
175,cpb-aacip-526-3r0pr7nr8r,594595,chyron,David Ruder Chairman Securities Exchange Comm.,David@BF:1 Ruder@IF:1 Chairman@BR:1 Securities@IR:1 Exchange@IR:1 Comm.@IR:1
176,cpb-aacip-259-m32n9b08,600601,chyron,ROBERT COTTON,ROBERT@O COTTON@O
177,cpb-aacip-507-gm81j9807d,1909910,chyron,DAVD JULYAN Spot Image Gorporation,DAVD@BF:1 JULYAN@IF:1 Spot@BR:1 Image@IR:1 Gorporation@IR:1
178,cpb-aacip-507-rj48p5w80b,1711712,credits,DIRECTEDIBY MIGKCOLGAN,DIRECTEDIBY@BR:1 MIGKCOLGAN@BF:1
179,cpb-aacip-526-dj58c9s78v,1187187,chyron,Glen Miller,Glen@O Miller@O
180,cpb-aacip-507-7h1dj59628,1855856,chyron,San Diego GERALD WARREN San Diegp Haiph-Tribune,San@O Diego@O GERALD@BF:1 WARREN@IF:1 San@BR:1 Diegp@IR:1 Haiph-Tribune@IR:1
181,cpb-aacip-526-dj58c9s78v,3488488,credits,GINEERING GaryMach Art' Williams MikeRipp,GINEERING@BR:1 GaryMach@BF:1 Art'@BF:1 Williams@IF:1 MikeRipp@BF:1
182,cpb-aacip-507-7h1dj59628,2783784,chyron,PAUL GIGOT Wall Street Oburnal,PAUL@BF:1 GIGOT@IF:1 Wall@BR:1 Street@IR:1 Oburnal@IR:1
183,cpb-aacip-398-57np5q9c,700701,chyron,LLOYD HSISWIM CONNECTICUT LAWMAKERS,LLOYD@BF:1 HSISWIM@IF:1 CONNECTICUT@BR:1 LAWMAKERS@IR:1
184,cpb-aacip-507-862b854459,1096096,chyron,Sen. Paul Wellstone (D) Minnesota,Sen.@BF:1 Paul@IF:1 Wellstone@IF:1 (D)@BR:1 Minnesota@IR:1
185,cpb-aacip-507-736m03zh49,2067067,chyron,DON NOVEY Correctiona Officers Association,DON@BF:1 NOVEY@IF:1 Correctiona@BR:1 Officers@IR:1 Association@IR:1
186,cpb-aacip-507-ms3jw87c9c,862863,chyron,"Munir Akram U.N. Ambassador, Pakistan","Munir@BF:1 Akram@IF:1 U.N.@BR:1 Ambassador,@IR:1 Pakistan@IR:1"
187,cpb-aacip-526-3r0pr7nr8r,1644645,credits,Technical Director Franke Sparano SMEN-ICUCHEN Manager Edward W.F Fleming Assignment Editor Rodney Ward,Technical@BR:1 Director@IR:1 Franke@BF:1 Sparano@IF:1 SMEN-ICUCHEN@BR:2 Manager@IR:2 Edward@BF:2 W.F@IF:2 Fleming@IF:2 Assignment@BR:3 Editor@IR:3 Rodney@BF:3 Ward@IF:3
188,cpb-aacip-526-sb3ws8js1h,1555556,chyron,Gov. DOLPH BRISCOE CHMN TEXAS NOMESSTEC,Gov.@BF:1 DOLPH@IF:1 BRISCOE@IF:1 CHMN@BR:1 TEXAS@IR:1 NOMESSTEC@IR:1
189,cpb-aacip-235-5370swqf,67067,chyron,Tonight DIOOTNO,Tonight@O DIOOTNO@O
190,cpb-aacip-41-10wpzpt5,104104,chyron,B'eryl Dakers,B'eryl@O Dakers@O
191,cpb-aacip-259-4x54hm72,880881,chyron,NVOr NESHEONV OCCUPATIONAL THERAPIST,NVOr@BF:1 NESHEONV@IF:1 OCCUPATIONAL@BR:1 THERAPIST@IR:1
193,cpb-aacip-507-7h1dj59628,964965,chyron,PRUDENCE TENHSNS State Department,PRUDENCE@BF:1 TENHSNS@IF:1 State@BR:1 Department@IR:1
194,cpb-aacip-507-154dn40c26,1105105,chyron,MARDEDERAM PHD. AIDSAMedical Foundation,MARDEDERAM@BF:1 PHD.@IF:1 AIDSAMedical@BR:1 Foundation@IR:1
195,cpb-aacip-235-5370swqf,1675676,credits,Executive Producer JOHN LAFOURNAISE Director RICHARD DAL SIAFU,Executive@BR:1 Producer@IR:1 JOHN@BF:1 LAFOURNAISE@IF:1 Director@BR:2 RICHARD@BF:2 DAL@IF:2 SIAFU@IF:2
196,cpb-aacip-526-jh3cz33b2z,810811,chyron,DEAN SIMERAL OHO FARM BUREAU,DEAN@BF:1 SIMERAL@IF:1 OHO@BR:1 FARM@IR:1 BUREAU@IR:1
197,cpb-aacip-507-gm81j9807d,873874,chyron,REM GUY EMNTON (R) New. York,REM@BF:1 GUY@IF:1 EMNTON@IF:1 (R)@BR:1 New.@IR:1 York@IR:1
198,cpb-aacip-507-ms3jw87c9c,1434434,chyron,Yesterday Guy Caruso,Yesterday@O Guy@O Caruso@O
199,cpb-aacip-507-154dn40c26,1531532,chyron,AOT TOL EASLEY Civil Rights Lawyer SI,AOT@O TOL@BF:1 EASLEY@IF:1 Civil@BR:1 Rights@IR:1 Lawyer@IR:1 SI@O
200,cpb-aacip-526-1j9765bd42,856857,chyron,Glenn TUOSIO Principal Nulato School,Glenn@BF:1 TUOSIO@IF:1 Principal@BR:1 Nulato@IR:1 School@IR:1
201,cpb-aacip-507-6t0gt5g28c,573574,chyron,REP. JOHN BRADEMAS (D) INDIANA,REP.@BF:1 JOHN@IF:1 BRADEMAS@IF:1 (D)@BR:1 INDIANA@IR:1
202,cpb-aacip-507-154dn40c26,2603604,chyron,MATHILDE CHATWINN AIDS Medical Eoundation,MATHILDE@BF:1 CHATWINN@IF:1 AIDS@BR:1 Medical@IR:1 Eoundation@IR:1
203,cpb-aacip-507-gm81j9807d,1483483,chyron,REP GUY MOLINARI (R) May York,REP@BF:1 GUY@IF:1 MOLINARI@IF:1 (R)@BR:1 May@IR:1 York@IR:1
204,cpb-aacip-526-1j9765bd42,1421421,chyron,Groovy Yeaver,Groovy@O Yeaver@O
205,cpb-aacip-283-61rfjj43,3440440,credits,NARRATOR Ted d'Arms RESEARCH LuAnne Halligan Sharon Fisher Susan Lerbinger,NARRATOR@BR:1 Ted@BF:1 d'Arms@IF:1 RESEARCH@BR:2 LuAnne@BF:2 Halligan@IF:2 Sharon@BF:2 Fisher@IF:2 Susan@BF:2 Lerbinger@IF:2
206,cpb-aacip-189-623bk932,1680681,credits,Video Robin Shears,Video@BR:1 Robin@BF:1 Shears@IF:1
207,cpb-aacip-259-3j39316x,2777778,chyron,Rev.David Miles LAMINGTON: PRESBYTERTAN CHURCH,Rev.David@BF:1 Miles@IF:1 LAMINGTON:@BR:1 PRESBYTERTAN@IR:1 CHURCH@IR:1
208,cpb-aacip-507-gm81j9807d,2048048,chyron,REP. BILL NELSON Flonda,REP.@BF:1 BILL@IF:1 NELSON@IF:1 Flonda@BR:1
209,cpb-aacip-41-10wpzpt5,1793794,credits,Cameta Operators CUNT BRYSON DT SAWGLYY,Cameta@BR:1 Operators@IR:1 CUNT@BF:1 BRYSON@IF:1 DT@BF:1 SAWGLYY@IF:1
210,cpb-aacip-526-dj58c9s78v,3461461,credits,EXECUTIVE PRODUCER Lee O'Brien,EXECUTIVE@BR:1 PRODUCER@IR:1 Lee@BF:1 O'Brien@IF:1
211,cpb-aacip-131-375tb64j,924925,chyron,Assemblywoman Dede: Scozzafava NO (R) Gouverneur 122nd District,Assemblywoman@BF:1 Dede:@IF:1 Scozzafava@IF:1 NO@O (R)@BR:1 Gouverneur@IR:1 122nd@IR:1 District@IR:1
212,cpb-aacip-507-gm81j9807d,2322322,chyron,"LEET BERMAN Chiet counsel, ACLU","LEET@BF:1 BERMAN@IF:1 Chiet@BR:1 counsel,@IR:1 ACLU@IR:1"
213,cpb-aacip-507-862b854459,427427,chyron,Los Angeles Lynn Stout UCLA School of Law,Los@O Angeles@O Lynn@BF:2 Stout@IF:2 UCLA@BR:2 School@IR:2 of@IR:2 Law@IR:2
214,cpb-aacip-507-gm81j9807d,2457457,chyron,JOE PATERNO,JOE@O PATERNO@O
215,cpb-aacip-189-784j16n7,145145,chyron,Blake McKelvey Former City Historian,Blake@BF:1 McKelvey@IF:1 Former@BR:1 City@IR:1 Historian@IR:1
216,cpb-aacip-259-3j39316x,2041041,chyron,Rev.DavidMiles CAMINGTONPRESBYTERIAN CHURCH,Rev.DavidMiles@BF:1 CAMINGTONPRESBYTERIAN@BR:1 CHURCH@IR:1
217,cpb-aacip-507-6t0gt5g28c,941942,chyron,WIC LEHRER WASHINGTON,WIC@BF:1 LEHRER@IF:1 WASHINGTON@BR:1
218,cpb-aacip-259-m32n9b08,169169,chyron,REP. WIC COURTER GRD MORRI IS COUNTYL,REP.@BF:1 WIC@IF:1 COURTER@IF:1 GRD@BR:1 MORRI@IR:1 IS@IR:1 COUNTYL@IR:1
219,cpb-aacip-526-jh3cz33b2z,1020020,chyron,KURT LAUSECKER DAYLAY EGG FARM,KURT@BF:1 LAUSECKER@IF:1 DAYLAY@BR:1 EGG@IR:1 FARM@IR:1
220,cpb-aacip-398-5370s4sx,2878879,credits,on-line etturs Mary Fenton Dan' Lesiw director of administration Barbara Carey,on-line@BR:1 etturs@IR:1 Mary@BF:1 Fenton@IF:1 Dan'@BF:1 Lesiw@IF:1 director@BR:3 of@IR:3 administration@IR:3 Barbara@BF:3 Carey@IF:3
221,cpb-aacip-507-ms3jw87c9c,1923924,chyron,ummr Tom Wallin Energy Intelligence,ummr@O Tom@BF:1 Wallin@IF:1 Energy@BR:1 Intelligence@IR:1
222,cpb-aacip-507-862b854459,1365365,chyron,"Sen. Paul Sarbanes Chmn., Banking Committee","Sen.@BF:1 Paul@IF:1 Sarbanes@IF:1 Chmn.,@BR:1 Banking@IR:1 Committee@IR:1"
223,cpb-aacip-283-61rfjj43,3456456,credits,"GRAPHIC DESIGN ""Robert Turner TVNOFIIGOV AHdvyD0301A Tom Speer PIAPO: Ko Ted Overman",GRAPHIC@BR:1 DESIGN@IR:1 Robert@BF:1 Turner@IF:1 TVNOFIIGOV@O AHdvyD0301A@O Tom@O Speer@O PIAPO:@O Ko@O Ted@O Overman@O
224,cpb-aacip-526-1j9765bd42,1443443,chyron,Berdi Outwater,Berdi@O Outwater@O
225,cpb-aacip-526-3r0pr7nr8r,1649650,credits,Manager of ENG Operations M. Bruce Eibe Managing Editor Barry Nemcoff Executive Editor Linda UONGO,Manager@BR:1 of@IR:1 ENG@IR:1 Operations@IR:1 M.@BF:1 Bruce@IF:1 Eibe@IF:1 Managing@BR:2 Editor@IR:2 Barry@BF:2 Nemcoff@IF:2 Executive@BR:3 Editor@IR:3 Linda@BF:3 UONGO@IF:3
226,cpb-aacip-526-1j9765bd42,232232,chyron,Dr. Williamson McDiarmid University of AlaskauFairbanks in,Dr.@BF:1 Williamson@IF:1 McDiarmid@IF:1 University@BR:1 of@IR:1 AlaskauFairbanks@IR:1 in@O
227,cpb-aacip-526-dj58c9s78v,3471471,credits,DIRECTED BY Barry Stoner Fred Wessel,DIRECTED@BR:1 BY@IR:1 Barry@BF:1 Stoner@IF:1 Fred@BF:1 Wessel@IF:1
0,cpb-aacip-526-3r0pr7nr8r,656657,chyron,"John Phelan Chairman, NY Stock Exchange","John@BF:1 Phelan@IF:1 Chairman,@BR:1 NY@IR:1 Stock@IR:1 Exchange@IR:1"
1,cpb-aacip-221-03cz924b,583584,chyron,Father Jaime Soto ASSOC. DIR. CATHOLIC CHARITIES,Father@BF:1 Jaime@IF:1 Soto@IF:1 ASSOC.@BR:1 DIR.@IR:1 CATHOLIC@IR:1 CHARITIES@IR:1
2,cpb-aacip-507-rj48p5w80b,1398398,chyron,ROGER CONNER HOANOLIVBGGE AMERICANS FOR NOLAYBDINWI REFORM,ROGER@BF:1 CONNER@IF:1 HOANOLIVBGGE@BR:1 AMERICANS@IR:1 FOR@IR:1 NOLAYBDINWI@IR:1 REFORM@IR:1
3,cpb-aacip-259-3n20fq7w,249249,chyron,PETERFIEDLER OYSTER GREEK NUCLEAR PLANT,PETERFIEDLER@BF:1 OYSTER@BR:1 GREEK@IR:1 NUCLEAR@IR:1 PLANT@IR:1
4,cpb-aacip-259-4x54hm72,1022022,chyron,TEVHOIWA ARON TRENTON,TEVHOIWA@BF:1 ARON@IF:1 TRENTON@BR:1
5,cpb-aacip-507-6t0gt5g28c,1406406,chyron,REP. GUY VANDER JAGT (R) MICHIGAN,REP.@BF:1 GUY@IF:1 VANDER@IF:1 JAGT@IF:1 (R)@BR:1 MICHIGAN@IR:1
6,cpb-aacip-221-03cz924b,1290290,chyron,Father Jaime Soto ASSOC. DIR. CATHOLIC CHARITIES,Father@BF:1 Jaime@IF:1 Soto@IF:1 ASSOC.@BR:1 DIR.@IR:1 CATHOLIC@IR:1 CHARITIES@IR:1
7,cpb-aacip-507-862b854459,2622623,chyron,"Christopher Goldthwait U.S. Ambassador, Chad","Christopher@BF:1 Goldthwait@IF:1 U.S.@BR:1 Ambassador,@IR:1 Chad@IR:1"
8,cpb-aacip-507-862b854459,613614,chyron,Eric McKissack Ariel Capital Management,Eric@BF:1 McKissack@IF:1 Ariel@BR:1 Capital@IR:1 Management@IR:1
9,cpb-aacip-131-375tb64j,428428,chyron,Kaitlyn Ross NOW NNA,Kaitlyn@BF:1 Ross@IF:1 NOW@O NNA@BR:1
10,cpb-aacip-507-tq5r786f7w,743744,chyron,Sen. Patrick Leahy (D) Vermont,Sen.@BF:1 Patrick@IF:1 Leahy@IF:1 (D)@BR:1 Vermont@IR:1
12,cpb-aacip-283-61rfjj43,3429429,credits,"PRODUCER/DIRECIOR PIAPA Davis, CAMERA Jerry Weissman AUDIO",PRODUCER/DIRECIOR@BR:1 PIAPA@BF:1 Davis@IF:1 CAMERA@BR:2 Jerry@BF:2 Weissman@IF:2 AUDIO@BR:3
13,cpb-aacip-259-4x54hm72,1658659,credits,TASSOCIATE PRODUCERS JANE KASHLAK MINWAPAHIQHOG FRANK TENCEA ALLEN LEVINE,TASSOCIATE@BR:1 PRODUCERS@IR:1 JANE@BF:1 KASHLAK@IF:1 MINWAPAHIQHOG@BF:1 FRANK@BF:1 TENCEA@IF:1 ALLEN@BF:1 LEVINE@IF:1
14,cpb-aacip-526-jh3cz33b2z,1708709,credits,EXECUTIVE PRODUCER STEVEN TW -BORNSTEIN Ohio Journal,EXECUTIVE@BR:1 PRODUCER@IR:1 STEVEN@BF:1 TW@IF:1 -BORNSTEIN@IF:1 Ohio@O Journal@O
15,cpb-aacip-0515ac167c0,1755756,credits,Are Director ED PEALY,Are@O Director@BR:1 ED@BF:1 PEALY@IF:1
17,cpb-aacip-259-4x54hm72,835836,chyron,DAVID a1314H33400 MAGICIAN,DAVID@BF:1 a1314H33400@O MAGICIAN@BR:1
18,cpb-aacip-526-jh3cz33b2z,1690691,credits,MINICAM DAN FRIEDMAN DARRELL MUETHING RON SAXTON Ohio Journa,MINICAM@BR:1 DAN@BF:1 FRIEDMAN@IF:1 DARRELL@BF:1 MUETHING@IF:1 RON@BF:1 SAXTON@IF:1 Ohio@O Journa@O
19,cpb-aacip-398-5370s4sx,2868869,credits,videolvidenane Bill Fairwearter audio Francis X.Coakley grip/gaffer Derel Dianing,videolvidenane@BR:1 Bill@BF:1 Fairwearter@IF:1 audio@BR:2 Francis@BF:2 X.Coakley@IF:2 grip/gaffer@BR:3 Derel@BF:3 Dianing@IF:3
20,cpb-aacip-526-dj58c9s78v,3499499,credits,PRODUCTION ASSISTANTS Dan Matero MaryJoKillian Tony Elliott,PRODUCTION@BR:1 ASSISTANTS@IR:1 Dan@BF:1 Matero@IF:1 MaryJoKillian@BF:1 Tony@BF:1 Elliott@IF:1
21,cpb-aacip-293-30prr83h,1141141,chyron,LESTER MONANNA Econornist,LESTER@BF:1 MONANNA@IF:1 Econornist@BR:1
22,cpb-aacip-283-61rfjj43,3453453,credits,VIDEOTAPE EDITOR Ernie puepenes GRAPHIC DESIGN Robert Turner,VIDEOTAPE@BR:1 EDITOR@IR:1 Ernie@BF:1 puepenes@IF:1 GRAPHIC@BR:2 DESIGN@IR:2 Robert@BF:2 Turner@IF:2
23,cpb-aacip-526-1j9765bd42,82082,chyron,"Dr. Judith S, Kleinfeld University of Alaska-Fairbanks","Dr.@BF:1 Judith@IF:1 S,@IF:1 Kleinfeld@IF:1 University@BR:1 of@IR:1 Alaska-Fairbanks@IR:1"
24,cpb-aacip-0515ac167c0,1746747,credits,Prose JAX BR Verration CHARBES HALSTED,Prose@BR:1 JAX@BF:1 BR@IF:1 Verration@BR:2 CHARBES@BF:2 HALSTED@IF:2
25,cpb-aacip-293-30prr83h,3320320,chyron,ANNO VALDEN oupner,ANNO@BF:1 VALDEN@IF:1 oupner@BR:1
26,cpb-aacip-526-jh3cz33b2z,1441441,chyron,REP DALE LOCKER DANNA,REP@BF:1 DALE@IF:1 LOCKER@IF:1 DANNA@BR:1
27,cpb-aacip-283-61rfjj43,2988989,chyron,Hon. Mario Cuomo GOVERNOR INEW YORK,Hon.@BF:1 Mario@IF:1 Cuomo@IF:1 GOVERNOR@BR:1 INEW@IR:1 YORK@IR:1
28,cpb-aacip-507-736m03zh49,3536537,credits,heMacheil/Lehren Videotape Editors KIM DAVID FERGUSON RUTH POHL CHRISTOPHER CATHY CHRISTOVICH JOHN MORGAN DARWIN SILVER GLENN MOORE,heMacheil/Lehren@O Videotape@BR:1 Editors@IR:1 KIM@BF:1 DAVID@IF:1 FERGUSON@IF:1 RUTH@BF:1 POHL@IF:1 CHRISTOPHER@IF:1 CATHY@BF:1 CHRISTOVICH@IF:1 JOHN@BF:1 MORGAN@IF:1 DARWIN@BF:1 SILVER@IF:1 GLENN@BF:1 MOORE@IF:1
29,cpb-aacip-259-m32n9b08,235235,chyron,ROBERT NOLAN MORRIS XEESNS AFL-CIO,ROBERT@BF:1 NOLAN@IF:1 MORRIS@BR:1 XEESNS@IR:1 AFL-CIO@IR:1
32,cpb-aacip-526-jh3cz33b2z,1686687,credits,VIDEOTAPE BRUCE E. FLEMING JOHN- ALLENBACH TOM LAHR Ohio Journa.,VIDEOTAPE@BR:1 BRUCE@BF:1 E.@IF:1 FLEMING@IF:1 JOHN-@BF:1 ALLENBACH@IF:1 TOM@BF:1 LAHR@IF:1 Ohio@O Journa.@O
33,cpb-aacip-526-jh3cz33b2z,697698,chyron,TONY CELEBREZZE SEC. OF STATE,TONY@BF:1 CELEBREZZE@IF:1 SEC.@BR:1 OF@IR:1 STATE@IR:1
35,cpb-aacip-507-736m03zh49,1577578,chyron,"MICHAEL SCHWAR Cutent Affairs Duecter, KOED","MICHAEL@BF:1 SCHWAR@IF:1 Cutent@BR:1 Affairs@IR:1 Duecter,@IR:1 KOED@IR:1"
36,cpb-aacip-526-3r0pr7nr8r,415415,chyron,James Lorie University of Chicago Graduate School of Business,James@BF:1 Lorie@IF:1 University@BR:1 of@IR:1 Chicago@IR:1 Graduate@IR:1 School@IR:1 of@IR:1 Business@IR:1
37,cpb-aacip-507-736m03zh49,3510511,credits,TheMacNeil/Lchren Producers MONICA HOOSE MICHAEL JOSELOFF LEE KOROMVOKIS TIM HIIWS ANOI VAN WITSEN,TheMacNeil/Lchren@O Producers@BR:1 MONICA@BF:1 HOOSE@IF:1 MICHAEL@BF:1 JOSELOFF@IF:1 LEE@BF:1 KOROMVOKIS@IF:1 TIM@BF:1 HIIWS@IF:1 ANOI@BF:1 VAN@IF:1 WITSEN@IF:1
38,cpb-aacip-189-623bk932,1235235,chyron,Dr. Mark Ellingson President Enveritus Rochester Institute Teemplogy,Dr.@BF:1 Mark@IF:1 Ellingson@IF:1 President@BR:1 Enveritus@IR:1 Rochester@IR:1 Institute@IR:1 Teemplogy@IR:1
39,cpb-aacip-526-dj58c9s78v,1109109,chyron,"Ted Boyd VICE PRESIDENT MENOMINEE ENTERPRISES, INC.","Ted@BF:1 Boyd@IF:1 VICE@BR:1 PRESIDENT@IR:1 MENOMINEE@IR:1 ENTERPRISES,@IR:1 INC.@IR:1"
40,cpb-aacip-507-736m03zh49,3532533,credits,TheleRank ENG BROWNchrer Crews RUSSELL MARHULL GARY ALLEN CHARLES IDE ED LEE RIC NELSON DAVID PICKERAL STEVE LEDERER BILL MCMILLIN WIC VAN VRANKEN,TheleRank@O ENG@BR:1 BROWNchrer@O Crews@IR:1 RUSSELL@BF:1 MARHULL@IF:1 GARY@BF:1 ALLEN@IF:1 CHARLES@BF:1 IDE@IF:1 ED@BF:1 LEE@IF:1 RIC@BF:1 NELSON@IF:1 DAVID@BF:1 PICKERAL@IF:1 STEVE@BF:1 LEDERER@IF:1 BILL@BF:1 MCMILLIN@IF:1 WIC@BF:1 VAN@IF:1 VRANKEN@IF:1
41,cpb-aacip-507-ms3jw87c9c,2490490,chyron,Richard Cheng Entrepreneur,Richard@BF:1 Cheng@IF:1 Entrepreneur@BR:1
42,cpb-aacip-507-6t0gt5g28c,921922,chyron,REP. NHOC BRADEMAS (GQ INDIANA,REP.@BF:1 NHOC@IF:1 BRADEMAS@IF:1 (GQ@BR:1 INDIANA@IR:1
43,cpb-aacip-526-jh3cz33b2z,467467,chyron,ED TAYLOR LOTTERY PRECTOR,ED@BF:1 TAYLOR@IF:1 LOTTERY@BR:1 PRECTOR@IR:1
46,cpb-aacip-526-1j9765bd42,975976,chyron,Dr.Judith S. Kleinfeld University of Alaska-Fairbanks,Dr.Judith@BF:1 S.@IF:1 Kleinfeld@IF:1 University@BR:1 of@IR:1 Alaska-Fairbanks@IR:1
47,cpb-aacip-507-rj48p5w80b,1075075,chyron,NEW YORK TONYSE BONILLA LEAGUE OF UNITED LATIN SNBZRUQINVOINENY,NEW@O YORK@O TONYSE@BF:2 BONILLA@IF:2 LEAGUE@BR:2 OF@IR:2 UNITED@IR:2 LATIN@IR:2 SNBZRUQINVOINENY@O
48,cpb-aacip-189-784j16n7,779780,chyron,Blake McKeivey Former AITO Historian,Blake@BF:1 McKeivey@IF:1 Former@BR:1 AITO@IR:1 Historian@IR:1
50,cpb-aacip-189-784j16n7,1028028,chyron,Barber Gonable Host,Barber@BF:1 Gonable@IF:1 Host@BR:1
51,cpb-aacip-507-gm81j9807d,1311311,chyron,REM GUY EMNTON (R) New York,REM@BF:1 GUY@IF:1 EMNTON@IF:1 (R)@BR:1 New@IR:1 York@IR:1
52,cpb-aacip-526-jh3cz33b2z,176176,chyron,REP. PAUL LEONARD D-DAYTON,REP.@BF:1 PAUL@IF:1 LEONARD@IF:1 D-DAYTON@BR:1
53,cpb-aacip-507-tq5r786f7w,1585586,chyron,Fred Abrahams Human Rights Watch,Fred@BF:1 Abrahams@IF:1 Human@BR:1 Rights@IR:1 Watch@IR:1
54,cpb-aacip-259-3j39316x,3371371,chyron,Arch. Khajag Barsamian #03930010/3IVWIBE THE ARMENTAN CHURCH OFAMER,Arch.@BF:1 Khajag@IF:1 Barsamian@IF:1 #03930010/3IVWIBE@O THE@BR:1 ARMENTAN@IR:1 CHURCH@IR:1 OFAMER@IR:1
55,cpb-aacip-507-862b854459,672673,chyron,Frank Werner Fordham Business School,Frank@BF:1 Werner@IF:1 Fordham@BR:1 Business@IR:1 School@IR:1
56,cpb-aacip-221-03cz924b,770771,chyron,Father Jaime Soto ASSOC. DIR. CATHOLIC SSILLIVED,Father@BF:1 Jaime@IF:1 Soto@IF:1 ASSOC.@BR:1 DIR.@IR:1 CATHOLIC@IR:1 SSILLIVED@IR:1
57,cpb-aacip-221-03cz924b,1337337,chyron,"Linda Wong Counsel, AXUNIN","Linda@BF:1 Wong@IF:1 Counsel,@BR:1 AXUNIN@IR:1"
58,cpb-aacip-259-4x54hm72,1653654,credits,EXECUTINE PRODUCER sur KATHLEEN LYNGHE,EXECUTINE@BR:1 PRODUCER@IR:1 sur@O KATHLEEN@BF:1 LYNGHE@IF:1
59,cpb-aacip-398-57np5q9c,806807,chyron,DANIEL SCHNOBRICH OFFICEOFISCAL ANALYSIS,DANIEL@BF:1 SCHNOBRICH@IF:1 OFFICEOFFISCAL@BR:1 ANALYSIS@IR:1
60,cpb-aacip-398-00ns1wds,1697698,credits,VIDEO FrankDorazio Don Scroggs Dahn Zatowski CHINKERVAVIOKTA Nelson Wamer,VIDEO@BR:1 FrankDorazio@BF:1 Don@BF:1 Scroggs@IF:1 Dahn@BF:1 Zatowski@IF:1 CHINKERVAVIOKTA@BR:2 Nelson@BF:2 Wamer@IF:2
61,cpb-aacip-507-tq5r786f7w,342342,chyron,Sen. Susan Collins (R) Maine,Sen.@BF:1 Susan@IF:1 Collins@IF:1 (R)@BR:1 Maine@IR:1
62,cpb-aacip-507-154dn40c26,3086086,chyron,TOM LANGEMEIER Former Loan Officer,TOM@BF:1 LANGEMEIER@IF:1 Former@BR:1 Loan@IR:1 Officer@IR:1
63,cpb-aacip-507-ms3jw87c9c,1061061,chyron,"Munir Akram ""N'N Ambassador, Pakistan","Munir@BF:1 Akram@IF:1 ""N'N@BR:1 Ambassador,@IR:1 Pakistan@IR:1"
64,cpb-aacip-398-57np5q9c,1286286,chyron,SEN. Hd3Sor HARPER D-APPROPRIATIONS CO-CHAIR,SEN.@BF:1 Hd3Sor@IF:1 HARPER@IF:1 D-APPROPRIATIONS@BR:1 CO-CHAIR@IR:1
65,cpb-aacip-283-61rfjj43,3446446,credits,PRODUCTION ASSISTANT LuAnne Halligan POST PRODUCTION SUPERVISOR Maggi s66ug,PRODUCTION@BR:1 ASSISTANT@IR:1 LuAnne@BF:1 Halligan@IF:1 POST@BR:2 PRODUCTION@IR:2 SUPERVISOR@IR:2 Maggi@BF:2 s66ug@IF:2
66,cpb-aacip-398-57np5q9c,606607,chyron,"WIST PURLISHING RALPH OSNURO DIR., OFFICE OF FISCAL ANALYSIS","WIST@O PURLISHING@O RALPH@BF:1 OSNURO@IF:1 DIR.,@BR:1 OFFICE@IR:1 OF@IR:1 FISCAL@IR:1 ANALYSIS@IR:1"
67,cpb-aacip-507-154dn40c26,2745746,chyron,DENVER IVER DR THOMAS VERNON Colorado Health Dept.,DENVER@O IVER@O DR@BF:1 THOMAS@IF:1 VERNON@IF:1 Colorado@BR:1 Health@IR:1 Dept.@IR:1
68,cpb-aacip-507-154dn40c26,278278,chyron,SOHN BLOCK Secrefary of aininouby,SOHN@BF:1 BLOCK@IF:1 Secretary@BR:1 of@IR:1 aininouby@IR:1
69,cpb-aacip-507-862b854459,2082082,chyron,Donald 1100A38ue7 Georgetown University Law Center,Donald@BF:1 1100A38ue7@IF:1 Georgetown@BR:1 University@IR:1 Law@IR:1 Center@IR:1
70,cpb-aacip-507-tq5r786f7w,1995996,chyron,Jonathan Landay Christian Science Monitor,Jonathan@BF:1 Landay@IF:1 Christian@BR:1 Science@IR:1 Monitor@IR:1
71,cpb-aacip-526-sb3ws8js1h,1684685,credits,FILM PRODUCTION DIRECTOR CAMERAZ EDITOR WILLIBM.ANDEASON LOCATIONSSOUND JANET EFULTON,FILM@O PRODUCTION@O DIRECTOR@BR:1 CAMERAZ@IR:1 EDITOR@IR:1 WILLIBM.ANDEASON@BF:1 LOCATIONSSOUND@BR:2 JANET@BF:2 EFULTON@IF:2
72,cpb-aacip-259-4x54hm72,215215,chyron,ENITEGVW GILLIS RESIDENT,ENITEGVW@BF:1 GILLIS@IF:1 RESIDENT@BR:1
73,cpb-aacip-221-03cz924b,946947,chyron,"Harold,Ezell RECIONAL INS COMMISSIONER","Harold,Ezell@BF:1 RECIONAL@BR:1 INS@IR:1 COMMISSIONER@IR:1"
74,cpb-aacip-189-623bk932,1673674,credits,nust William Pearce Producer/Director David Striks,nust@BR:1 William@BF:1 Pearce@IF:1 Producer/Director@BR:2 David@BF:2 Striks@IF:2
77,cpb-aacip-507-736m03zh49,3527528,credits,"heM H. ehrer alpibossy Duecters EULOGIO ORTIZ, JR. BRAD GARFIELD Technical Ditectors RENE BUTLER GREGORY L. KING","heM@O H.@O ehrer@O alpibossy@BR:1 Duecters@IR:1 EULOGIO@BF:1 ORTIZ,@IF:1 JR.@IF:1 BRAD@BF:1 GARFIELD@IF:1 Technical@BR:2 Ditectors@IR:2 RENE@BF:2 BUTLER@IF:2 GREGORY@BF:2 L.@IF:2 KING@IF:2"
78,cpb-aacip-398-57np5q9c,1573574,chyron,"B. Fart fit MICHAEL FERRUCCI, JR. GUARDS' UNION PRESIDENT","B.@O Fart@O fit@O MICHAEL@BF:1 FERRUCCI,@IF:1 JR.@IF:1 GUARDS'@BR:1 UNION@IR:1 PRESIDENT@IR:1"
79,cpb-aacip-221-03cz924b,1671672,credits,TECHNICAL-DINECTOR Martin Lewis STACE MANACER Roger-Cenereux ount,TECHNICAL-DINECTOR@BR:1 Martin@BF:1 Lewis@IF:1 STACE@BR:2 MANACER@IR:2 Roger-Cenereux@BF:2 ount@O
80,cpb-aacip-283-61rfjj43,721722,chyron,Eleanor Owen WASHINGTON ADVOCATES FOR THE MENTALLY ILL,Eleanor@BF:1 Owen@IF:1 WASHINGTON@BR:1 ADVOCATES@IR:1 FOR@IR:1 THE@IR:1 MENTALLY@IR:1 ILL@IR:1
81,cpb-aacip-283-61rfjj43,2453453,chyron,Norm Rice PRESIDENT. SEATTLE GITY COUNGIL,Norm@BF:1 Rice@IF:1 PRESIDENT.@BR:1 SEATTLE@IR:1 GITY@IR:1 COUNGIL@IR:1
82,cpb-aacip-526-1j9765bd42,504505,chyron,"Glenn Olson, Principal Nulato School","Glenn@BF:1 Olson,@IF:1 Principal@BR:1 Nulato@IR:1 School@IR:1"
83,cpb-aacip-526-jh3cz33b2z,742743,chyron,REP. GENE BRANSTOOL D-UTICA,REP.@BF:1 GENE@IF:1 BRANSTOOL@IF:1 D-UTICA@BR:1
84,cpb-aacip-131-375tb64j,1224224,chyron,Assemblywoman Dede Scozzafava NOW (R) Ran for Congressin'09,Assemblywoman@BF:1 Dede@IF:1 Scozzafava@IF:1 NOW@O (R)@BR:1 Ran@IR:1 for@IR:1 Congressin'09@IR:1
85,cpb-aacip-526-3r0pr7nr8r,1047047,chyron,Kevin Gardiner U. Economist Warburg Securities,Kevin@BF:1 Gardiner@IF:1 U.@BR:1 Economist@IR:1 Warburg@IR:1 Securities@IR:1
86,cpb-aacip-398-5370s4sx,2887888,credits,Gail Martifa publicist Daphne Noyes production AIPIAIDAS Carol Collins,Gail@O Martifa@O publicist@BR:1 Daphne@BF:1 Noyes@IF:1 production@BR:2 AIPIAIDAS@O Carol@BF:2 Collins@IF:2
87,cpb-aacip-526-3r0pr7nr8r,756757,chyron,"Boston Robert Reich Prof, Kennedy School/ Govt. Harvard AISISAIUN","Boston@O Robert@BF:1 Reich@IF:1 Prof,@BR:1 Kennedy@IR:1 School/@IR:1 Govt.@IR:1 Harvard@IR:1 AISISAIUN@O"
88,cpb-aacip-526-3r0pr7nr8r,222222,chyron,"Raymond De Voe, Jr. Market isiberens Legg Mason Wood Walker","Raymond@BF:1 De@IF:1 Voe,@IF:1 Jr.@IF:1 Market@BR:1 isiberens@IR:1 Legg@IR:1 Mason@IR:1 Wood@IR:1 Walker@IR:1"
89,cpb-aacip-526-dj58c9s78v,3510511,credits,THANKS TO Wisconsin Conservation Department Iconographic Collection State Historical Society ofWisconsin,THANKS@BR:1 TO@IR:1 Wisconsin@BF:1 Conservation@IF:1 Department@IF:1 Iconographic@BF:1 Collection@IF:1 State@IF:1 Historical@IF:1 Society@IF:1 ofWisconsin@IF:1
90,cpb-aacip-507-154dn40c26,2647648,chyron,Dli HELEN SINGER KAPLAN New York Hospital,Dli@O HELEN@BF:1 SINGER@IF:1 KAPLAN@IF:1 New@BR:1 York@IR:1 Hospital@IR:1
91,cpb-aacip-526-jh3cz33b2z,1704705,credits,PRODUCTION ASSISTANT TERRY SPAIDE Ohio reurnor,PRODUCTION@BR:1 ASSISTANT@IR:1 TERRY@BF:1 SPAIDE@IF:1 Ohio@O reurnor@O
92,cpb-aacip-507-rj48p5w80b,1717718,credits,Film Courtesy of. NES DIEGO HISTORY RESEARCH CENTER SAN DIEGO STATE AINO ERSITY,Film@BR:1 Courtesy@IR:1 of@IR:1 NES@BF:1 DIEGO@IF:1 HISTORY@IF:1 RESEARCH@IF:1 CENTER@IF:1 SAN@IF:1 DIEGO@IF:1 STATE@IF:1 AINO@IF:1 ERSITY@IF:1
93,cpb-aacip-507-rj48p5w80b,1707708,credits,this Editions PRODUCED BY LEWIS SILVERMAN REPORTER ENNO CROSS,this@O Editions@O PRODUCED@BR:1 BY@IR:1 LEWIS@BF:1 SILVERMAN@IF:1 REPORTER@BR:2 ENNO@BF:2 CROSS@IF:2
95,cpb-aacip-526-3r0pr7nr8r,974975,chyron,LEST STOCK EXCHANGE Phil Bradshaw Tokyo,LEST@O STOCK@O EXCHANGE@O Phil@BF:1 Bradshaw@IF:1 Tokyo@BR:1
96,cpb-aacip-283-61rfjj43,3109109,chyron,Dr. RerueH Vieth DIRECTOR. TVEBCES TASK FORCE ON SSINSS37AWOH,Dr.@BF:1 RerueH@IF:1 Vieth@IF:1 DIRECTOR.@BR:1 TVEBCES@IR:1 TASK@IR:1 FORCE@IR:1 ON@IR:1 SSINSS37AWOH@IR:1
97,cpb-aacip-507-ms3jw87c9c,1672673,chyron,Kara [nes Rinaldi Alliance to Save Energy,Kara@BF:1 [nes@IF:1 Rinaldi@IF:1 Alliance@BR:1 to@IR:1 Save@IR:1 Energy@IR:1
98,cpb-aacip-526-dj58c9s78v,3493493,credits,SOIHAND ferA Dean Paulser Robert Pol STUDIO SUPERVISOR John Moore,SOIHAND@O ferA@O Dean@O Paulser@O Robert@O Pol@O STUDIO@BR:3 SUPERVISOR@IR:3 John@BF:3 Moore@IF:3
99,cpb-aacip-526-1j9765bd42,1567568,chyron,Dr. Marshall Lind aniversity of Alaska-Jineau,Dr.@BF:1 Marshall@IF:1 Lind@IF:1 aniversity@BR:1 of@IR:1 Alaska-Jineau@IR:1
100,cpb-aacip-259-4x54hm72,174174,chyron,TOEVWE NVWLIEH REN AESIER NIGHTLY NEWS,TOEVWE@BF:1 NVWLIEH@IF:1 REN@BR:1 AESIER@IR:1 NIGHTLY@IR:1 NEWS@IR:1
101,cpb-aacip-526-1j9765bd42,1134134,chyron,"Paul Trotzke, Chairman Dot Lake Advisory SchoolBoard","Paul@BF:1 Trotzke,@IF:1 Chairman@BR:1 Dot@IR:1 Lake@IR:1 Advisory@IR:1 SchoolBoard@IR:1"
102,cpb-aacip-259-m32n9b08,496496,chyron,ARLINGTON THOMPSON IETNAM VETERAN,ARLINGTON@BF:1 THOMPSON@IF:1 IETNAM@BR:1 VETERAN@IR:1
103,cpb-aacip-507-tq5r786f7w,2143143,chyron,Florim Krasnigi KLA Supporter,Florim@BF:1 Krasnigi@IF:1 KLA@BR:1 Supporter@IR:1
104,cpb-aacip-526-3r0pr7nr8r,1217217,chyron,"Sen. William Proxmire Chairman, Banking Cmte. (D) Wisconsin","Sen.@BF:1 William@IF:1 Proxmire@IF:1 Chairman,@BR:1 Banking@IR:1 Cmte.@IR:1 (D)@IR:1 Wisconsin@IR:1"
105,cpb-aacip-507-7h1dj59628,2125125,chyron,Indianapolis CLARENCE PAGE Chitago Tribune,Indianapolis@O CLARENCE@BF:1 PAGE@IF:1 Chitago@BR:1 Tribune@IR:1
106,cpb-aacip-507-154dn40c26,852853,chyron,GAR HONAVHI Farmer United piemBIS,GAR@BF:1 HONAVHI@IF:1 Farmer@BR:1 United@IR:1 piemBIS@IR:1
107,cpb-aacip-507-154dn40c26,2446446,chyron,JOE TOMEASLEY Civil Rightslowyer,JOE@BF:1 TOMEASLEY@IF:1 Civil@BR:1 Rightslowyer@IR:1
108,cpb-aacip-398-57np5q9c,1400400,chyron,isan SEN. KEVIN SULLIVAN D-WEST HARTFORD,isan@O SEN.@BF:1 KEVIN@IF:1 SULLIVAN@IF:1 D-WEST@BR:1 HARTFORD@IR:1
109,cpb-aacip-507-862b854459,2801802,chyron,"John Laurence Author, ""The Cat from Hue: Vietnam War Story""","John@BF:1 Laurence@IF:1 Author,@BR:1 ""The@IR:1 Cat@IR:1 from@IR:1 Hue:@IR:1 Vietnam@IR:1 War@IR:1 Story""@IR:1"
111,cpb-aacip-259-4x54hm72,1059059,chyron,Dr. QEYNHEE KILBOURN HITMEH ANDAHUMAN SERVICES,Dr.@BF:1 QEYNHEE@IF:1 KILBOURN@IF:1 HITMEH@BR:1 ANDAHUMAN@IR:1 SERVICES@IR:1
112,cpb-aacip-526-1j9765bd42,1071071,chyron,"Terry MeCarthy, Principal Newtok unideky Hilgh School",Terry@BF:1 MeCarthy@IF:1 Principal@BR:1 Newtok@IR:1 unideky@IR:1 Hilgh@IR:1 School@IR:1
114,cpb-aacip-526-3r0pr7nr8r,521522,chyron,"Leo Melamed Chairman, Executive Gnte. Chicago Mercantile Exchange","Leo@BF:1 Melamed@IF:1 Chairman,@BR:1 Executive@IR:1 Gnte.@IR:1 Chicago@IR:1 Mercantile@IR:1 Exchange@IR:1"
116,cpb-aacip-235-5370swqf,353353,chyron,Christie Melntire American Lung Association,Christie@BF:1 Melntire@IF:1 American@BR:1 Lung@IR:1 Association@IR:1
117,cpb-aacip-259-m32n9b08,342342,chyron,ARTHUR HOLLAND NOUNGAL MAYOR,ARTHUR@BF:1 HOLLAND@IF:1 NOUNGAL@BR:1 MAYOR@IR:1
118,cpb-aacip-283-61rfjj43,2239239,chyron,Tom Keefe ETLIVES MAYDR'S OFFICE,Tom@BF:1 Keefe@IF:1 ETLIVES@BR:1 MAYDR'S@IR:1 OFFICE@IR:1
119,cpb-aacip-259-3n20fq7w,800801,chyron,Medical Education Medicine Dest istry Medical DIANNE DOCTOR NEW JERSEY NIGHTLY NEWS,Medical@O Education@O Medicine@O Dest@O istry@O Medical@O DIANNE@BF:1 DOCTOR@IF:1 NEW@BR:1 JERSEY@IR:1 NIGHTLY@IR:1 NEWS@IR:1
120,cpb-aacip-221-03cz924b,1668669,credits,ERNONTO liskevich DIRECTOR Harry Ratner COMMUNITY OUTREACH Jo Caines,ERNONTO@O liskevich@O DIRECTOR@BR:1 Harry@BF:1 Ratner@IF:1 COMMUNITY@BR:2 OUTREACH@IR:2 Jo@BF:2 Caines@IF:2
121,cpb-aacip-507-7h1dj59628,2219219,chyron,Dallas LEE. WAATNO Dallas Morning News,Dallas@O LEE.@BF:1 WAATNO@IF:1 Dallas@BR:1 Morning@IR:1 News@IR:1
122,cpb-aacip-507-gm81j9807d,3546547,credits,heMacNeil/ LE Truth In Scheduling Sr.Producer: Gordon Earle Reporters: Linda Ricci John DeNatale,heMacNeil/@O LE@O Truth@O In@O Scheduling@O Sr.Producer:@BR:1 Gordon@BF:1 Earle@IF:1 Reporters:@BR:2 Linda@BF:2 Ricci@IF:2 John@BF:2 DeNatale@IF:2
123,cpb-aacip-81-902z3f9j,1730731,credits,"acbrisop/board StariskE A.Wilmot Jacobsen, TW Marjorie Plumb,MD Dr. Gloria Roblin","acbrisop/board@BR:1 StariskE@BF:1 A.Wilmot@BF:1 Jacobsen@IF:1 TW@IF:1 Marjorie@BF:1 Plumb,MD@IF:1 Dr.@BF:1 Gloria@IF:1 Roblin@IF:1"
124,cpb-aacip-131-375tb64j,1007007,chyron,Assemblywoman Dede: Scozzafava (R) Gouverneur 122nd District,Assemblywoman@BF:1 Dede:@IF:1 Scozzafava@IF:1 (R)@BR:1 Gouverneur@IR:1 122nd@IR:1 District@IR:1
125,cpb-aacip-526-3r0pr7nr8r,967968,chyron,"Nobuyoshi Kobayashi General Mgr, Domestic Sales Barng Securities ueder Ltd.","Nobuyoshi@BF:1 Kobayashi@IF:1 General@BR:1 Mgr,@IR:1 Domestic@IR:1 Sales@IR:1 Barng@IR:1 Securities@IR:1 ueder@IR:1 Ltd.@IR:1"
126,cpb-aacip-507-862b854459,1625626,chyron,Donald Langevoort Georgetown University Law Center,Donald@BF:1 Langevoort@IF:1 Georgetown@BR:1 University@IR:1 Law@IR:1 Center@IR:1
127,cpb-aacip-131-375tb64j,762763,chyron,Nick Reisman NOW $)GANNETT,Nick@BF:1 Reisman@IF:1 NOW@O $)GANNETT@BR:1
128,cpb-aacip-398-57np5q9c,733734,chyron,MARVIN NOAT OFFICE OFFISCAL ANALYSIS,MARVIN@BF:1 NOAT@IF:1 OFFICE@BR:1 OFFISCAL@IR:1 ANALYSIS@IR:1
129,cpb-aacip-283-61rfjj43,3432432,credits,CAMERA Jerry Weissman AUDIO AqOL Higashi EDITOR David Davis,CAMERA@BR:1 Jerry@BF:1 Weissman@IF:1 AUDIO@BR:2 AqOL@BF:2 Higashi@IF:2 EDITOR@BR:3 David@BF:3 Davis@IF:3
130,cpb-aacip-507-862b854459,480480,chyron,Lynn Stout UCLA School of Law,Lynn@BF:1 Stout@IF:1 UCLA@BR:1 School@IR:1 of@IR:1 Law@IR:1
131,cpb-aacip-526-sb3ws8js1h,1244244,chyron,TERRENCE DESMOND TLLNOUS DELECATE,TERRENCE@BF:1 DESMOND@IF:1 TLLNOUS@BR:1 DELECATE@IR:1
132,cpb-aacip-398-57np5q9c,881882,chyron,"ROBERT HARRIS OFFICE OFFISCAL ANALYSIS,","ROBERT@BF:1 HARRIS@IF:1 OFFICE@BR:1 OFFISCAL@IR:1 ANALYSIS,@IR:1"
133,cpb-aacip-507-862b854459,1149149,chyron,Sen. Tom Daschle Majority Leader,Sen.@BF:1 Tom@IF:1 Daschle@IF:1 Majority@BR:1 Leader@IR:1
134,cpb-aacip-259-m32n9b08,371371,chyron,BILLL MATHESIUS GELEGIN EXECUTIVE,BILLL@BF:1 MATHESIUS@IF:1 GELEGIN@BR:1 EXECUTIVE@IR:1
136,cpb-aacip-398-72p5hz1h,618619,credits,BOUBID COUNIT NEWS SMON Team SCOTT VITBEUNBO LALIE ONVOHOID RICH HOYER JOANNE LEGOMSKY,BOUBID@O COUNIT@O NEWS@O SMON@O Team@BR:1 SCOTT@BF:1 VITBEUNBO@IF:1 LALIE@BF:1 ONVOHOID@IF:1 RICH@BF:1 HOYER@IF:1 JOANNE@BF:1 LEGOMSKY@IF:1
137,cpb-aacip-526-3r0pr7nr8r,1016016,chyron,John Parker Hong Kong,John@BF:1 Parker@IF:1 Hong@BR:1 Kong@IR:1
138,cpb-aacip-283-61rfjj43,861862,chyron,<sose Jim Mundt DIRECTOR. MEIAHOSEVH COMMUNITY. MENTAL HEALTH CENTER,<sose@O Jim@BF:1 Mundt@IF:1 DIRECTOR.@BR:1 MEIAHOSEVH@IR:1 COMMUNITY.@IR:1 MENTAL@IR:1 HEALTH@IR:1 CENTER@IR:1
139,cpb-aacip-283-61rfjj43,2474474,chyron,Tom Byers SEATTLE MAYOR'S OFFICE,Tom@BF:1 Byers@IF:1 SEATTLE@BR:1 MAYOR'S@IR:1 OFFICE@IR:1
140,cpb-aacip-526-3r0pr7nr8r,342342,chyron,Ball George Chairman & CEO Prudential-Bache,Ball@BF:1 George@IF:1 Chairman@BR:1 &@IR:1 CEO@IR:1 Prudential-Bache@IR:1
141,cpb-aacip-507-ms3jw87c9c,341341,chyron,Jan puepa U.N. Emergency Relief Coordinator,Jan@BF:1 puepa@IF:1 U.N.@BR:1 Emergency@IR:1 Relief@IR:1 Coordinator@IR:1
142,cpb-aacip-507-ms3jw87c9c,2506507,chyron,FB1 John Theriault Pfizer Global Security,FB1@O John@BF:1 Theriault@IF:1 Pfizer@BR:1 Global@IR:1 Security@IR:1
144,cpb-aacip-526-jh3cz33b2z,355355,chyron,WILFORD TUNEY LOTTERY AGENT,WILFORD@BF:1 TUNEY@IF:1 LOTTERY@BR:1 AGENT@IR:1
145,cpb-aacip-189-623bk932,1540541,chyron,Dr. Mark Ellingson President Emerices Rochester Eppipinsusur EFF Technology,Dr.@BF:1 Mark@IF:1 Ellingson@IF:1 President@BR:1 Emerices@IR:1 Rochester@IR:1 Eppipinsusur@IR:1 EFF@IR:1 Technology@IR:1
147,cpb-aacip-259-3n20fq7w,175175,chyron,CARY EDWARDS GOVEBNOBNS COUNSEL,CARY@BF:1 EDWARDS@IF:1 GOVEBNOBNS@BR:1 COUNSEL@IR:1
148,cpb-aacip-131-375tb64j,374374,chyron,Casey Seiler NOW TIMESUNION,Casey@BF:1 Seiler@IF:1 NOW@O TIMESUNION@BR:1
149,cpb-aacip-526-jh3cz33b2z,1096096,chyron,JOSEPH WATERMANI S'O'S AMER ICA,JOSEPH@BF:1 WATERMANI@IF:1 S'O'S@BR:1 AMER@IR:1 ICA@IR:1
150,cpb-aacip-507-ms3jw87c9c,2317317,chyron,George Evans Pfizer Lawyer,George@BF:1 Evans@IF:1 Pfizer@BR:1 Lawyer@IR:1
151,cpb-aacip-526-3r0pr7nr8r,405405,chyron,Thomas Bond Vice Chairman Chicago Bd. Options Exchange,Thomas@BF:1 Bond@IF:1 Vice@BR:1 Chairman@IR:1 Chicago@IR:1 Bd.@IR:1 Options@IR:1 Exchange@IR:1
152,cpb-aacip-507-736m03zh49,1853854,chyron,ROBERT BRYAN Defense Attorney,ROBERT@BF:1 BRYAN@IF:1 Defense@BR:1 Attorney@IR:1
153,cpb-aacip-507-ms3jw87c9c,1575576,chyron,txmmm Tom Wallin Energy Intelligence,txmmm@O Tom@BF:1 Wallin@IF:1 Energy@BR:1 Intelligence@IR:1
154,cpb-aacip-507-154dn40c26,2988989,chyron,"INEIL HARL Economist, lowa State University","INEIL@BF:1 HARL@IF:1 Economist,@BR:1 lowa@IR:1 State@IR:1 University@IR:1"
155,cpb-aacip-259-3j39316x,1498498,chyron,Father James sidnojy ST.NICHOLAS GREEK ORTHODOX CHURCH,Father@BF:1 James@IF:1 sidnojy@IF:1 ST.NICHOLAS@BR:1 GREEK@IR:1 ORTHODOX@IR:1 CHURCH@IR:1
156,cpb-aacip-507-736m03zh49,3487487,credits,TheMacvel/Lebrangel/Leb Depury Executive Producer VONIT MOTSNIM Associate Execufive Producer DAN WERNER,TheMacvel/Lebrangel/Leb@O Depury@BR:1 Executive@IR:1 Producer@IR:1 VONIT@BF:1 MOTSNIM@IF:1 Associate@BR:2 Execufive@IR:2 Producer@IR:2 DAN@BF:2 WERNER@IF:2
157,cpb-aacip-131-375tb64j,1359359,chyron,Assemblywoman Dede Scozzafava NOW (R) Gouverneur 122nd District,Assemblywoman@BF:1 Dede@IF:1 Scozzafava@IF:1 NOW@O (R)@BR:1 Gouverneur@IR:1 122nd@IR:1 District@IR:1
158,cpb-aacip-526-1j9765bd42,734735,chyron,Dr. UOSUEIIIM McDiarmid University of AlaskarFalrbanks,Dr.@BF:1 UOSUEIIIM@IF:1 McDiarmid@IF:1 University@BR:1 of@IR:1 AlaskarFalrbanks@IR:1
159,cpb-aacip-507-154dn40c26,990991,chyron,ELLEN FLEMING Anti-AIDS Citizens Group,ELLEN@BF:1 FLEMING@IF:1 Anti-AIDS@BR:1 Citizens@IR:1 Group@IR:1
160,cpb-aacip-507-gm81j9807d,725726,chyron,AEM GUY AMNTON (R) New.York,AEM@BF:1 GUY@IF:1 AMNTON@IF:1 (R)@BR:1 New.York@IR:1
161,cpb-aacip-398-57np5q9c,1098098,chyron,TATAS PETERS FORMER PRINCIPAL,TATAS@BF:1 PETERS@IF:1 FORMER@BR:1 PRINCIPAL@IR:1
163,cpb-aacip-507-gm81j9807d,1619620,chyron,REP GUY TAYNITOW (R) New York,REP@BF:1 GUY@IF:1 TAYNITOW@IF:1 (R)@BR:1 New@IR:1 York@IR:1
164,cpb-aacip-507-6t0gt5g28c,865866,chyron,ROBERT MACNEIL NEW YORK,ROBERT@BF:1 MACNEIL@IF:1 NEW@BR:1 YORK@IR:1
165,cpb-aacip-526-3r0pr7nr8r,326326,chyron,Neil Cavuto New York,Neil@BF:1 Cavuto@IF:1 New@BR:1 York@IR:1
166,cpb-aacip-398-72p5hz1h,633634,credits,Produced MARIA FINARO-CLE ARY ing J550 NENS WOL BOBRICH RICH Grapht ATI335 HUNT,Produced@BR:1 MARIA@BF:1 FINARO-CLE@IF:1 ARY@IF:1 ing@O J550@O NENS@O WOL@O BOBRICH@O RICH@O Grapht@BR:2 ATI335@BF:2 HUNT@IF:2
167,cpb-aacip-283-61rfjj43,3459459,credits,"ADDITIONAL AHAVH00301A Tom Speer ""David Ko Ted Overman ADDITIONAL AUDIO Fugate Holt Ron Baker","ADDITIONAL@BR:1 AHAVH00301A@IR:1 Tom@BF:1 Speer@IF:1 ""David@BF:1 Ko@IF:1 Ted@BF:1 Overman@IF:1 ADDITIONAL@BR:2 AUDIO@IR:2 Fugate@BF:2 Holt@IF:2 Ron@BF:2 Baker@IF:2"
168,cpb-aacip-283-61rfjj43,3290290,chyron,"Congressman, Mike Lowry NOLONIHSVM STATE",Congressman@BR:1 Mike@BF:1 Lowry@IF:1 NOLONIHSVM@O STATE@O
170,cpb-aacip-259-3j39316x,249249,chyron,VOICEOF Marie DeNoia,VOICEOF@BR:1 Marie@BF:1 DeNoia@IF:1
171,cpb-aacip-507-gm81j9807d,3553554,credits,"heMa IPME Videctape Courtesy Of: G30) San Francisco KRON, San Francisco Comedic Productions, Inc.","heMa@O IPME@O Videctape@BR:1 Courtesy@IR:1 Of:@IR:1 G30)@BF:1 San@IF:1 Francisco@IF:1 KRON,@BF:1 San@IF:1 Francisco@IF:1 Comedic@BF:1 Productions,@IF:1 Inc.@IF:1"
173,cpb-aacip-507-736m03zh49,2372372,chyron,ALEXANDER ALEINIKOFF Law Protessor,ALEXANDER@BF:1 ALEINIKOFF@IF:1 Law@BR:1 Protessor@IR:1
174,cpb-aacip-398-57np5q9c,313313,chyron,Hasor GANIM D-BRIDGEPORT MAYOR,Hasor@BF:1 GANIM@IF:1 D-BRIDGEPORT@BR:1 MAYOR@IR:1
175,cpb-aacip-259-m32n9b08,321321,chyron,CLIFFORD GOLDMAN STATE TREASURER,CLIFFORD@BF:1 GOLDMAN@IF:1 STATE@BR:1 TREASURER@IR:1
176,cpb-aacip-259-3j39316x,107107,chyron,Rev. Jeffrey Lee DIOCESE OF TRENTON,Rev.@BF:1 Jeffrey@IF:1 Lee@IF:1 DIOCESE@BR:1 OF@IR:1 TRENTON@IR:1
177,cpb-aacip-526-dj58c9s78v,3465465,credits,PRODUCED BY Barry Stoner,PRODUCED@BR:1 BY@IR:1 Barry@BF:1 Stoner@IF:1
178,cpb-aacip-507-7h1dj59628,850851,chyron,PRUDENCE TENHSN8 State Department,PRUDENCE@BF:1 TENHSN8@IF:1 State@BR:1 Department@IR:1
179,cpb-aacip-526-sb3ws8js1h,890891,chyron,RICHARD JOHN NSTON CHMN- ONLIVNIWON COMMITTEE,RICHARD@BF:1 JOHN@IF:1 NSTON@IF:1 CHMN-@BR:1 ONLIVNIWON@IR:1 COMMITTEE@IR:1
180,cpb-aacip-526-3r0pr7nr8r,639640,chyron,"Leo Melamed Chairman, Executive Cmte. Chicago Mercantile Exchange","Leo@BF:1 Melamed@IF:1 Chairman,@BR:1 Executive@IR:1 Cmte.@IR:1 Chicago@IR:1 Mercantile@IR:1 Exchange@IR:1"
181,cpb-aacip-283-61rfjj43,2311311,chyron,Carol Bellamy MEN YORK CITY COUNCIL,Carol@BF:1 Bellamy@IF:1 MEN@BR:1 YORK@IR:1 CITY@IR:1 COUNCIL@IR:1
182,cpb-aacip-189-784j16n7,1195195,chyron,Blake McKelvey Former AITO Historian,Blake@BF:1 McKelvey@IF:1 Former@BR:1 AITO@IR:1 Historian@IR:1
183,cpb-aacip-526-3r0pr7nr8r,572573,chyron,"Sen. William Proxmire Chairman, Banking Gmtes (D) Wisconsin","Sen.@BF:1 William@IF:1 Proxmire@IF:1 Chairman,@BR:1 Banking@IR:1 Gmtes@IR:1 (D)@IR:1 Wisconsin@IR:1"
184,cpb-aacip-507-tq5r786f7w,2807808,chyron,"Richard, Garwin Ballistic Missile Threat Comm.","Richard,@BF:1 Garwin@IF:1 Ballistic@BR:1 Missile@IR:1 Threat@IR:1 Comm.@IR:1"
185,cpb-aacip-507-ms3jw87c9c,2790791,chyron,"Harold Pinter Nobel Laureate, Literature","Harold@BF:1 Pinter@IF:1 Nobel@BR:1 Laureate,@IR:1 Literature@IR:1"
186,cpb-aacip-526-jh3cz33b2z,213213,chyron,ED TAYLOR LOTTERY DIRECTOR,ED@BF:1 TAYLOR@IF:1 LOTTERY@BR:1 DIRECTOR@IR:1
187,cpb-aacip-507-736m03zh49,1786787,chyron,"MICHAEL SCHWARZ Cuten Alidirs Director, KOED","MICHAEL@BF:1 SCHWARZ@IF:1 Cuten@BR:1 Alidirs@IR:1 Director,@IR:1 KOED@IR:1"
188,cpb-aacip-507-862b854459,3158158,chyron,"John Laurence Author, ""The Cat from Hue: Vietnam War Story""","John@BF:1 Laurence@IF:1 Author,@BR:1 ""The@IR:1 Cat@IR:1 from@IR:1 Hue:@IR:1 Vietnam@IR:1 War@IR:1 Story""@IR:1"
189,cpb-aacip-283-61rfjj43,2069069,chyron,Hon. Charles Royer MAYOR. 3711VES,Hon.@BF:1 Charles@IF:1 Royer@IF:1 MAYOR.@BR:1 3711VES@O
190,cpb-aacip-259-4x54hm72,501502,chyron,ARTHUR WINKLER RETIRED G.M. WORKER,ARTHUR@BF:1 WINKLER@IF:1 RETIRED@BR:1 G.M.@IR:1 WORKER@IR:1
191,cpb-aacip-507-736m03zh49,655656,chyron,ROGER COLEMAN National Food Processors Association,ROGER@BF:1 COLEMAN@IF:1 National@BR:1 Food@IR:1 Processors@IR:1 Association@IR:1
192,cpb-aacip-507-862b854459,3056056,chyron,"John Laurence Author, ""The Cat from Hue: Vietnam War Story""","John@BF:1 Laurence@IF:1 Author,@BR:1 ""The@IR:1 Cat@IR:1 from@IR:1 Hue:@IR:1 Vietnam@IR:1 War@IR:1 Story""@IR:1"
193,cpb-aacip-283-61rfjj43,3025025,chyron,"Hon, Marion.Barry MAYOR. DISTRICT OF COLUMBIA","Hon,@BF:1 Marion.Barry@IF:1 MAYOR.@BR:1 DISTRICT@IR:1 OF@IR:1 COLUMBIA@IR:1"
194,cpb-aacip-398-57np5q9c,1189189,chyron,VOICE OF: SEN. FRED LOVEGROVE R-FAIRFIELD,VOICE@O OF:@O SEN.@BF:1 FRED@IF:1 LOVEGROVE@IF:1 R-FAIRFIELD@BR:1
195,cpb-aacip-526-jh3cz33b2z,841842,chyron,CHARLIE NASH OHIO FARMER'S UNION,CHARLIE@BF:1 NASH@IF:1 OHIO@BR:1 FARMER'S@IR:1 UNION@IR:1
196,cpb-aacip-526-3r0pr7nr8r,449449,chyron,"Robert Lerner Trader, Chicago Board of Trade","Robert@BF:1 Lerner@IF:1 Trader,@BR:1 Chicago@IR:1 Board@IR:1 of@IR:1 Trade@IR:1"
197,cpb-aacip-259-3n20fq7w,1566567,chyron,BEN FENTON CTELEWOOTS,BEN@BF:1 FENTON@IF:1 CTELEWOOTS@BR:1
198,cpb-aacip-283-61rfjj43,1268268,chyron,Craig Miller KING COUNTY EXTENDED CARE UNIT,Craig@BF:1 Miller@IF:1 KING@BR:1 COUNTY@IR:1 EXTENDED@IR:1 CARE@IR:1 UNIT@IR:1
199,cpb-aacip-235-5370swqf,383383,chyron,Margaret Lanier Alaska Native Health Board,Margaret@BF:1 Lanier@IF:1 Alaska@BR:1 Native@IR:1 Health@IR:1 Board@IR:1
200,cpb-aacip-507-154dn40c26,2303303,chyron,DENVER IVER DR SYNOHI NONPEN Colorado Health Dept.,DENVER@O IVER@O DR@BF:1 SYNOHI@IF:1 NONPEN@IF:1 Colorado@BR:1 Health@IR:1 Dept.@IR:1
201,cpb-aacip-507-736m03zh49,3513514,credits,"TheMagNeil/Lehre Reporters DAWN MENDEZ CAROLYN, MCEWEN PAUL ur NIELSEN APRIL A. OLIVER STUART SCHEAR NVOC SENOR","TheMagNeil/Lehre@O Reporters@BR:1 DAWN@BF:1 MENDEZ@IF:1 CAROLYN,@BF:1 MCEWEN@IF:1 PAUL@BF:1 ur@IF:1 NIELSEN@IF:1 APRIL@BF:1 A.@IF:1 OLIVER@IF:1 STUART@BF:1 SCHEAR@IF:1 NVOC@BF:1 SENOR@IF:1"
202,cpb-aacip-507-736m03zh49,2164164,chyron,ALEXANDER ALENIKOFF MD7 Professor,ALEXANDER@BF:1 ALENIKOFF@IF:1 MD7@BR:1 Professor@IR:1
203,cpb-aacip-259-m32n9b08,1621622,credits,la perserigg foy MIIKE CZUCZOR Associate Directors WINIDRED CHESHOLM INONAVE LAEEREHT,la@O perserigg@O foy@O MIIKE@O CZUCZOR@O Associate@BR:2 Directors@IR:2 WINIDRED@BF:2 CHESHOLM@IF:2 INONAVE@BF:2 LAEEREHT@IF:2
204,cpb-aacip-507-154dn40c26,3017017,chyron,REP. JIM LEAGH (R) lowa,REP.@BF:1 JIM@IF:1 LEAGH@IF:1 (R)@BR:1 lowa@IR:1
206,cpb-aacip-507-736m03zh49,737738,chyron,GAIL LEVEY Dietictan,GAIL@BF:1 LEVEY@IF:1 Dietictan@BR:1
207,cpb-aacip-507-tq5r786f7w,2328328,chyron,Florim Krasniqi KLA Supporter,Florim@BF:1 Krasniqi@IF:1 KLA@BR:1 Supporter@IR:1
208,cpb-aacip-507-154dn40c26,2027027,chyron,DE HERBERT PERKIN Irwin Memorial Blood Bank San Francisco,DE@BF:1 HERBERT@IF:1 PERKIN@IF:1 Irwin@BR:1 Memorial@IR:1 Blood@IR:1 Bank@IR:1 San@IR:1 Francisco@IR:1
209,cpb-aacip-189-623bk932,1683684,credits,Iviarn nieune Set Design Tracy Kane,Iviarn@O nieune@O Set@BR:1 Design@IR:1 Tracy@BF:1 Kane@IF:1
210,cpb-aacip-259-3j39316x,715716,chyron,Rev. Reginald Jackson ST.MATTHEW A.M.E. CHURCH,Rev.@BF:1 Reginald@IF:1 Jackson@IF:1 ST.MATTHEW@BR:1 A.M.E.@IR:1 CHURCH@IR:1
211,cpb-aacip-507-736m03zh49,2554555,chyron,ALEX WANDER ALEINIKOFF Low Protessor,ALEX@BF:1 WANDER@IF:1 ALEINIKOFF@IF:1 Low@BR:1 Protessor@IR:1
212,cpb-aacip-526-3r0pr7nr8r,243243,chyron,"David Grayson Pres, First Investors Corp.","David@BF:1 Grayson@IF:1 Pres,@BR:1 First@IR:1 Investors@IR:1 Corp.@IR:1"
213,cpb-aacip-41-10wpzpt5,1786787,credits,Set Design GHARLIE INGLETT,Set@BR:1 Design@IR:1 GHARLIE@BF:1 INGLETT@IF:1
214,cpb-aacip-507-862b854459,537538,chyron,Chicago Eric McKissack Ariel Capital Management,Chicago@O Eric@BF:1 McKissack@IF:1 Ariel@BR:1 Capital@IR:1 Management@IR:1
215,cpb-aacip-526-3r0pr7nr8r,1191191,chyron,"David Ruder Chairman, SEC","David@BF:1 Ruder@IF:1 Chairman,@BR:1 SEC@IR:1"
216,cpb-aacip-259-4x54hm72,1231231,chyron,Dr. CEMBBES KILBOURN HEALTH GNM HUMAN SERVICES,Dr.@BF:1 CEMBBES@IF:1 KILBOURN@IF:1 HEALTH@BR:1 GNM@IR:1 HUMAN@IR:1 SERVICES@IR:1
217,cpb-aacip-507-736m03zh49,1136136,chyron,GAIL LEVEY Dietician,GAIL@BF:1 LEVEY@IF:1 Dietician@BR:1
218,cpb-aacip-507-ms3jw87c9c,2169169,chyron,Jim McGregor Former Wall Street Journal Bureau Chief,Jim@BF:1 McGregor@IF:1 Former@BR:1 Wall@IR:1 Street@IR:1 Journal@IR:1 Bureau@IR:1 Chief@IR:1
219,cpb-aacip-526-3r0pr7nr8r,838839,chyron,Arthur Laffer President's Economic Policy Advisory Board,Arthur@BF:1 Laffer@IF:1 President's@BR:1 Economic@IR:1 Policy@IR:1 Advisory@IR:1 Board@IR:1
220,cpb-aacip-283-61rfjj43,2292292,chyron,Rev. Eduard Loring VINITILE GEORGIA,Rev.@BF:1 Eduard@IF:1 Loring@IF:1 VINITILE@BR:1 GEORGIA@IR:1
221,cpb-aacip-189-623bk932,1676677,credits,Research/Writer Lisa Kirk Cameras Jim Calabrese Srott Henru,Research/Writer@BR:1 Lisa@BF:1 Kirk@IF:1 Cameras@BR:2 Jim@BF:2 Calabrese@IF:2 Srott@BF:2 Henru@IF:2
222,cpb-aacip-507-862b854459,2306306,chyron,Voice of Interpreter President Idriss Deby Chad,Voice@O of@O Interpreter@O President@BF:1 Idriss@IF:1 Deby@IF:1 Chad@BR:1
223,cpb-aacip-507-tq5r786f7w,931932,chyron,Jonathan Turley George Washington Univ. Law School,Jonathan@BF:1 Turley@IF:1 George@BR:1 Washington@IR:1 Univ.@IR:1 Law@IR:1 School@IR:1
224,cpb-aacip-526-jh3cz33b2z,1694695,credits,STAGE MANAGER DEWEY FISHER FLOOR DIRECTOR NHOC BLACK mate,STAGE@BR:1 MANAGER@IR:1 DEWEY@BF:1 FISHER@IF:1 FLOOR@BR:2 DIRECTOR@IR:2 NHOC@BF:2 BLACK@IF:2 mate@O
225,cpb-aacip-526-jh3cz33b2z,1679680,credits,AUDIO BRUCE LIVENSPARCER Ohio VIDEO ROGER DICKSON,AUDIO@BR:1 BRUCE@BF:1 LIVENSPARCER@IF:1 Ohio@O VIDEO@BR:2 ROGER@BF:2 DICKSON@IF:2
226,cpb-aacip-507-736m03zh49,3496496,credits,TheMacNcil/Lchrer Collision Course? Producer: Jackie Farmer,TheMacNcil/Lchrer@O Collision@O Course?@O Producer:@BR:1 Jackie@BF:1 Farmer@IF:1
227,cpb-aacip-507-rj48p5w80b,1250250,chyron,WASHINGTON GONNER FEDERATION OF AMERICANS FOR IMMIGRATION REFORM,WASHINGTON@O GONNER@BF:1 FEDERATION@BR:1 OF@IR:1 AMERICANS@IR:1 FOR@IR:1 IMMIGRATION@IR:1 REFORM@IR:1
1,cpb-aacip-398-57np5q9c,994995,chyron,U.S.S vattsugingS MIKULSKI D-MARYDAND,U.S.S@O vattsugingS@O MIKULSKI@O D-MARYDAND@O
2,cpb-aacip-259-4x54hm72,1319319,chyron,TEVHOIWE ARON THENION,TEVHOIWE@O ARON@O THENION@O
4,cpb-aacip-259-3n20fq7w,696697,chyron,INEXA MA TRENTO,INEXA@O MA@O TRENTO@O
12,cpb-aacip-526-6q1sf2n94w,1774775,chyron,EXVOROHIE EENEL GONCERT 6R66-698/SLV,EXVOROHIE@O EENEL@O GONCERT@O 6R66-698/SLV@O
16,cpb-aacip-81-902z3f9j,190190,chyron,Dr. opodsunuefuag,Dr.@O opodsunuefuag@O
24,cpb-aacip-189-784j16n7,1036036,chyron,Originally broadcasti February 666T,Originally@O broadcasti@O February@O 666T@O
27,cpb-aacip-221-03cz924b,420420,chyron,CAMEN rador HERMANDAD LENCANA FIT,CAMEN@O rador@O HERMANDAD@O LENCANA@O FIT@O
32,cpb-aacip-259-m32n9b08,720721,chyron,FROM FUND FOR ANIMALS,FROM@O FUND@O FOR@O ANIMALS@O
35,cpb-aacip-398-57np5q9c,1018018,chyron,sisn SEN. NHOr DANFORTH R-MISSOURI,sisn@O SEN.@O NHOr@O DANFORTH@O R-MISSOURI@O
40,cpb-aacip-507-7h1dj59628,2301301,chyron,San Diego GERALDWARRENT San Diego Union-Tribune,San@O Diego@O GERALDWARRENT@O San@O Diego@O Union-Tribune@O
43,cpb-aacip-526-3r0pr7nr8r,112112,chyron,Paulkangas,Paulkangas@O
47,cpb-aacip-526-1j9765bd42,1387387,chyron,"tabupuadilis Acad. Principal Mt, Edgecumbe High School","tabupuadilis@O Acad.@O Principal@O Mt,@O Edgecumbe@O High@O School@O"
51,cpb-aacip-507-gm81j9807d,2289289,chyron,QUITITITITITITITIT ONIOGOH CARTER,QUITITITITITITITIT@O ONIOGOH@O CARTER@O
54,cpb-aacip-526-3r0pr7nr8r,371371,chyron,Kepuow 6L a.m.,Kepuow@O 6L@O a.m.@O
56,cpb-aacip-259-m32n9b08,272272,chyron,STEVETATOR AERORTING,STEVETATOR@O AERORTING@O
60,cpb-aacip-398-57np5q9c,421421,chyron,SEN. ESHOED NESOER Laxipign-a CO-CHAIR,SEN.@O ESHOED@O NESOER@O Laxipign-a@O CO-CHAIR@O
69,cpb-aacip-259-m32n9b08,584585,chyron,DONE ne RANCE,DONE@O ne@O RANCE@O
81,cpb-aacip-507-736m03zh49,1229229,chyron,GAILIEVEY Dietician,GAILIEVEY@O Dietician@O
82,cpb-aacip-526-sb3ws8js1h,1331331,chyron,NOUBBENV CALFORNIA DELEBATE,NOUBBENV@O CALFORNIA@O DELEBATE@O
87,cpb-aacip-507-7h1dj59628,2595596,chyron,HHVW SHIELDS Syndicated Columnist,HHVW@O SHIELDS@O Syndicated@O Columnist@O
88,cpb-aacip-293-30prr83h,3157157,chyron,JAMES SIV,JAMES@O SIV@O
90,cpb-aacip-398-278sfdms,3827828,chyron,Tuesday WYOL,Tuesday@O WYOL@O
91,cpb-aacip-526-1j9765bd42,1084084,chyron,Larry Charles SOTMEN Nosupter preosionips 2M,Larry@O Charles@O SOTMEN@O Nosupter@O preosionips@O 2M@O
98,cpb-aacip-259-m32n9b08,785786,chyron,VIRGINIA NARURANO AGINVEOM3S shill MUNTERDON COUNTTY,VIRGINIA@O NARURANO@O AGINVEOM3S@O shill@O MUNTERDON@O COUNTTY@O
100,cpb-aacip-526-dj58c9s78v,3011011,chyron,ep Deer DRUMS,ep@O Deer@O DRUMS@O
106,cpb-aacip-526-3r0pr7nr8r,619620,chyron,ydasor Hardiman President Nati. Assn. of.Securities Dealers,ydasor@O Hardiman@O President@O Nati.@O Assn.@O of.Securities@O Dealers@O
110,cpb-aacip-507-7h1dj59628,2687688,chyron,LOSIDATINVA Wall Street Journal,LOSIDATINVA@O Wall@O Street@O Journal@O
111,cpb-aacip-526-3r0pr7nr8r,1073073,chyron,GeraldClarkson London,GeraldClarkson@O London@O
112,cpb-aacip-189-623bk932,770771,chyron,Dr. Mark uosbuile President Emeligs Rochester Institute Teginology,Dr.@O Mark@O uosbuile@O President@O Emeligs@O Rochester@O Institute@O Teginology@O
113,cpb-aacip-283-61rfjj43,3039039,chyron,Hon. Harold uonbuigsem MAYOR. CHICAGO,Hon.@O Harold@O uonbuigsem@O MAYOR.@O CHICAGO@O
119,cpb-aacip-259-m32n9b08,214214,chyron,CELL SUPPORTING M3N JERSEY EMPLOYEES ISOMILLION DOLL ANNUAL PAYROLL (245ML ALC CAMPBELL WILLIS GNV PAUL ENCINEARS,CELL@O SUPPORTING@O M3N@O JERSEY@O EMPLOYEES@O ISOMILLION@O DOLL@O ANNUAL@O PAYROLL@O (245ML@O ALC@O CAMPBELL@O WILLIS@O GNV@O PAUL@O ENCINEARS@O
123,cpb-aacip-189-784j16n7,473473,chyron,Originally broadcast February,Originally@O broadcast@O February@O
124,cpb-aacip-293-30prr83h,766767,chyron,la do57 RORE,la@O do57@O RORE@O
126,cpb-aacip-221-03cz924b,1031031,chyron,VE SVR INFORMACION STE SOCIEDADDE ASISTENCIA LECAL,VE@O SVR@O INFORMACION@O STE@O SOCIEDADDE@O ASISTENCIA@O LECAL@O
138,cpb-aacip-293-30prr83h,58058,chyron,IAA MES SW,IAA@O MES@O SW@O
139,cpb-aacip-526-1j9765bd42,382382,chyron,Pat ADeJ9-UOSUBAT [edjouyd Russian Mission High School,Pat@O ADeJ9-UOSUBAT@O [edjouyd@O Russian@O Mission@O High@O School@O
140,cpb-aacip-507-862b854459,2428428,chyron,orland Former assador to Chad,orland@O Former@O assador@O to@O Chad@O
141,cpb-aacip-398-322bvw52,258258,chyron,"Recorded, Earlier Today","Recorded,@O Earlier@O Today@O"
150,cpb-aacip-398-57np5q9c,963964,chyron,U.S.SEN. PE IDINEWOGEE RENEW.MEXICO,U.S.SEN.@O PE@O IDINEWOGEE@O RENEW.MEXICO@O
151,cpb-aacip-259-3j39316x,235235,chyron,VOICEOF Rev. Jeffrey Lee,VOICEOF@O Rev.@O Jeffrey@O Lee@O
162,cpb-aacip-507-154dn40c26,1022022,chyron,GLAUDELINDEY Ant-AIDS Citzens Group,GLAUDELINDEY@O Ant-AIDS@O Citzens@O Group@O
166,cpb-aacip-526-3r0pr7nr8r,1278278,chyron,Investor Confidence Dean puaydays,Investor@O Confidence@O Dean@O puaydays@O
167,cpb-aacip-221-03cz924b,499499,chyron,:tal agies STOTAF SETATTER STREE,:tal@O agies@O STOTAF@O SETATTER@O STREE@O
170,cpb-aacip-221-03cz924b,870871,chyron,Ulnda EUOA TESTRON MAUDET,Ulnda@O EUOA@O TESTRON@O MAUDET@O
177,cpb-aacip-293-30prr83h,472472,chyron,LESTER KOUDHIL Econor,LESTER@O KOUDHIL@O Econor@O
179,cpb-aacip-259-4x54hm72,239239,chyron,MARTHA NEE80 HACKENSACK HELL ANVEINOS,MARTHA@O NEE80@O HACKENSACK@O HELL@O ANVEINOS@O
184,cpb-aacip-526-1j9765bd42,760761,chyron,UAPAOR Bjornstad,UAPAOR@O Bjornstad@O
186,cpb-aacip-293-30prr83h,128128,chyron,LESTER KOUNAL Ecarconisi,LESTER@O KOUNAL@O Ecarconisi@O
196,cpb-aacip-259-3n20fq7w,1432432,chyron,NVAS NOEETV NETS GOAGH,NVAS@O NOEETV@O NETS@O GOAGH@O
198,cpb-aacip-189-784j16n7,1617618,chyron,Originally broadcast February,Originally@O broadcast@O February@O
200,cpb-aacip-293-30prr83h,2850851,chyron,JERE RIFIN thot,JERE@O RIFIN@O thot@O
203,cpb-aacip-507-7h1dj59628,1905906,chyron,Madison TONMANIAUE The Progressive,Madison@O TONMANIAUE@O The@O Progressive@O
204,cpb-aacip-189-623bk932,74074,chyron,Dr. Mark uossuil President Rochester Institg Technology,Dr.@O Mark@O uossuil@O President@O Rochester@O Institg@O Technology@O
207,cpb-aacip-526-dj58c9s78v,3505506,credits,RESEARCH ASSIST JANTS oraew Killian Mary Castonia,RESEARCH@O ASSIST@O JANTS@O oraew@O Killian@O Mary@O Castonia@O
210,cpb-aacip-221-03cz924b,990991,chyron,Uinda Wong resunga EROTIVE,Uinda@O Wong@O resunga@O EROTIVE@O
211,cpb-aacip-189-784j16n7,1479479,chyron,Originally broadcast Amenaigan Ta,Originally@O broadcast@O Amenaigan@O Ta@O
212,cpb-aacip-259-4x54hm72,1388388,chyron,TTE AEEE TRENTON,TTE@O AEEE@O TRENTON@O
224,cpb-aacip-526-1j9765bd42,1453453,chyron,Larrae HERRISTUEMASTromoupou Mt. EdgecumberHigh School,Larrae@O HERRISTUEMASTromoupou@O Mt.@O EdgecumberHigh@O School@O
235,cpb-aacip-507-154dn40c26,3210210,chyron,AEDIT Farmer,AEDIT@O Farmer@O
237,cpb-aacip-259-3n20fq7w,318318,chyron,NOSDGORNTOS NEW RESEER NICHTLY SMEN,NOSDGORNTOS@O NEW@O RESEER@O NICHTLY@O SMEN@O
238,cpb-aacip-507-154dn40c26,2057057,chyron,A8808 SOTONABH,A8808@O SOTONABH@O
239,cpb-aacip-259-3n20fq7w,891892,chyron,ANNFO SLOAN,ANNFO@O SLOAN@O
241,cpb-aacip-259-3n20fq7w,1320320,chyron,EBL NETEG NOLNEEL,EBL@O NETEG@O NOLNEEL@O
243,cpb-aacip-189-784j16n7,913914,chyron,Originally broadeast February,Originally@O broadeast@O February@O
244,cpb-aacip-526-1j9765bd42,351351,chyron,AJED redicuuathubing EXBINOT School,AJED@O redicuuathubing@O EXBINOT@O School@O
249,cpb-aacip-398-57np5q9c,1425425,chyron,"TE MICHAEL FERRUCCI, JR. GUARDS' INBGIS38INQING","TE@O MICHAEL@O FERRUCCI,@O JR.@O GUARDS'@O INBGIS38INQING@O"
250,cpb-aacip-398-278sfdms,3799800,chyron,Tuesday W'd,Tuesday@O W'd@O
256,cpb-aacip-259-3n20fq7w,862863,chyron,LFG HEAPPOVN,LFG@O HEAPPOVN@O
271,cpb-aacip-259-4x54hm72,923924,chyron,NOSDGOHINGO MEN AESHER NIGHTLY NEWS,NOSDGOHINGO@O MEN@O AESHER@O NIGHTLY@O NEWS@O
287,cpb-aacip-507-154dn40c26,785786,chyron,Bny MAYORIELTOGH,Bny@O MAYORIELTOGH@O
289,cpb-aacip-398-57np5q9c,711712,chyron,"RALPH GARUSO ""aia OFFICET OFI FISCAL ANALYSIS","RALPH@O GARUSO@O ""aia@O OFFICET@O OFI@O FISCAL@O ANALYSIS@O"
293,cpb-aacip-189-784j16n7,628629,chyron,Originally broadcast February,Originally@O broadcast@O February@O
298,cpb-aacip-526-3r0pr7nr8r,257257,chyron,Kepuy Oct.,Kepuy@O Oct.@O
307,cpb-aacip-259-3n20fq7w,1359359,chyron,AOH NOSNIH SEEPLNS,AOH@O NOSNIH@O SEEPLNS@O
309,cpb-aacip-526-1j9765bd42,296296,chyron,Terry Prinsipal Kummard HOIMEN Ayaprun High Schdol,Terry@O Prinsipal@O Kummard@O HOIMEN@O Ayaprun@O High@O Schdol@O
314,cpb-aacip-259-m32n9b08,277277,chyron,FILE TAPE DONNTOWN TRENTON,FILE@O TAPE@O DONNTOWN@O TRENTON@O
317,cpb-aacip-293-30prr83h,1688689,chyron,JSRE RIFKIN Atlinor Ba,JSRE@O RIFKIN@O Atlinor@O Ba@O
318,cpb-aacip-293-30prr83h,2015015,chyron,JERE RIFIN thor,JERE@O RIFIN@O thor@O
321,cpb-aacip-235-5370swqf,449449,chyron,Sheree Bevins abuoHoH)-GionpouD Quit,Sheree@O Bevins@O abuoHoH)-GionpouD@O Quit@O
328,cpb-aacip-81-37vmd08g,1033033,chyron,ro Friedan,ro@O Friedan@O
330,cpb-aacip-526-3r0pr7nr8r,480480,chyron,p.m.,p.m.@O
331,cpb-aacip-221-03cz924b,1386386,chyron,PARA SWK NOFVEHOSNI avasibos ASISTENCIA LECAL,PARA@O SWK@O NOFVEHOSNI@O avasibos@O ASISTENCIA@O LECAL@O
337,cpb-aacip-526-dj58c9s78v,1324324,chyron,Everet lensen NrTTVdIONIEd GOLN SCHOOL,Everet@O lensen@O NrTTVdIONIEd@O GOLN@O SCHOOL@O
338,cpb-aacip-259-4x54hm72,723724,chyron,FABIAN MAR ZOIM,FABIAN@O MAR@O ZOIM@O
340,cpb-aacip-526-3r0pr7nr8r,389389,chyron,Pate de act,Pate@O de@O act@O
342,cpb-aacip-259-3n20fq7w,514515,chyron,NHOP 031WVA SHORE SHELANNOS GOALFION,NHOP@O 031WVA@O SHORE@O SHELANNOS@O GOALFION@O
346,cpb-aacip-526-dj58c9s78v,2534535,chyron,"BIANS Wilber EHLEO-NVWHIVIYO BOARD MENOMINEE ENTERPRISES, ONI","BIANS@O Wilber@O EHLEO-NVWHIVIYO@O BOARD@O MENOMINEE@O ENTERPRISES,@O ONI@O"
347,cpb-aacip-398-57np5q9c,923924,chyron,BOB svisnoa CONNECTICUTPUBLICATELEVISION,BOB@O svisnoa@O CONNECTICUTPUBLICATELEVISION@O
349,cpb-aacip-526-1j9765bd42,1301301,chyron,Dr. pluiPsGHWUOSUEURHER University of SMUUQUELENSEIV,Dr.@O pluiPsGHWUOSUEURHER@O University@O of@O SMUUQUELENSEIV@O
352,cpb-aacip-189-784j16n7,1205205,chyron,ATEULEU broadcast February,ATEULEU@O broadcast@O February@O
353,cpb-aacip-526-sb3ws8js1h,199199,chyron,PRECINGT CONVENTION:,PRECINGT@O CONVENTION:@O
359,cpb-aacip-189-784j16n7,340340,chyron,Apeunapo broadcast February 6661'1Z,Apeunapo@O broadcast@O February@O 6661'1Z@O
367,cpb-aacip-259-4x54hm72,489489,chyron,EWING dIHSNMOL HERTEW COUNTY,EWING@O dIHSNMOL@O HERTEW@O COUNTY@O
372,cpb-aacip-189-784j16n7,207207,chyron,Originally Annippajsepprouq,Originally@O Annippajsepprouq@O
378,cpb-aacip-507-154dn40c26,3147147,chyron,KWAME HOLMAN,KWAME@O HOLMAN@O
380,cpb-aacip-221-03cz924b,611612,chyron,"Linda FTOM dounsel, EROTIVA","Linda@O FTOM@O dounsel,@O EROTIVA@O"
382,cpb-aacip-293-30prr83h,3205205,chyron,ASE ATHI DRE Prirdpal,ASE@O ATHI@O DRE@O Prirdpal@O
385,cpb-aacip-283-61rfjj43,3095095,chyron,101e61eW Heckler SECRETARY OF HEALTH AND HUMAN SERVICES,101e61eW@O Heckler@O SECRETARY@O OF@O HEALTH@O AND@O HUMAN@O SERVICES@O
387,cpb-aacip-507-154dn40c26,924925,chyron,"PROBERT""","PROBERT""@O"
389,cpb-aacip-507-736m03zh49,1823824,chyron,WVITIM TURNER KQED'S Attorney,WVITIM@O TURNER@O KQED'S@O Attorney@O
394,cpb-aacip-81-902z3f9j,1496496,chyron,Dr. Benjaminasbock,Dr.@O Benjaminasbock@O
396,cpb-aacip-41-10wpzpt5,627628,chyron,Sara Nalley DIREGTOR. TAUKNIS HITA GOLUMBIA GOUDEGE,Sara@O Nalley@O DIREGTOR.@O TAUKNIS@O HITA@O GOLUMBIA@O GOUDEGE@O
399,cpb-aacip-259-3n20fq7w,78078,chyron,GRAVY MASTER MASO nons SAJO SALEDA EKENT NTHYINT TRENTON,GRAVY@O MASTER@O MASO@O nons@O SAJO@O SALEDA@O EKENT@O NTHYINT@O TRENTON@O
401,cpb-aacip-526-1j9765bd42,1240240,chyron,"Yenti jand Ray Vergin,Treachers MIt. Edgecumbe Fligh Schopli","Yenti@O jand@O Ray@O Vergin,Treachers@O MIt.@O Edgecumbe@O Fligh@O Schopli@O"
407,cpb-aacip-526-dj58c9s78v,3148148,chyron,Albert Fowler,Albert@O Fowler@O
409,cpb-aacip-259-4x54hm72,429429,chyron,NOSIGE MIDDLESEXT COUNTY,NOSIGE@O MIDDLESEXT@O COUNTY@O
412,cpb-aacip-259-m32n9b08,1046046,chyron,ANEET,ANEET@O
414,cpb-aacip-293-30prr83h,3388388,chyron,pumuane NFerins,pumuane@O NFerins@O
416,cpb-aacip-507-tq5r786f7w,1866867,chyron,Charles Krause,Charles@O Krause@O
417,cpb-aacip-189-784j16n7,766767,chyron,Originally broadeast February,Originally@O broadeast@O February@O
420,cpb-aacip-259-3j39316x,72072,chyron,Marie DeNoia,Marie@O DeNoia@O
421,cpb-aacip-259-4x54hm72,547548,chyron,HIHON NOIDNITHV BERGENT GOUNTY,HIHON@O NOIDNITHV@O BERGENT@O GOUNTY@O
424,cpb-aacip-259-3n20fq7w,659660,chyron,"""R SWTEHINNAT FAA.A. HOLVELSINIWGY","""R@O SWTEHINNAT@O FAA.A.@O HOLVELSINIWGY@O"
425,cpb-aacip-189-623bk932,1137137,chyron,Willian Pearce IFAXXI,Willian@O Pearce@O IFAXXI@O
440,cpb-aacip-507-gm81j9807d,3374374,chyron,PENNY STALLINGS,PENNY@O STALLINGS@O
441,cpb-aacip-259-4x54hm72,1004004,chyron,NVAMANEST TRENTO,NVAMANEST@O TRENTO@O
450,cpb-aacip-259-4x54hm72,116116,chyron,Lt.ANGELO THEBEND XHVMEN POLICE DEPT.,Lt.ANGELO@O THEBEND@O XHVMEN@O POLICE@O DEPT.@O
451,cpb-aacip-507-154dn40c26,1697698,chyron,EON WOL EASLEY CIVILARights Lawyer,EON@O WOL@O EASLEY@O CIVILARights@O Lawyer@O
453,cpb-aacip-41-10wpzpt5,917918,chyron,"Sara Nalley DIREGTOR, PNEXINA WITH La GOLUMBIA GOLLEGE","Sara@O Nalley@O DIREGTOR,@O PNEXINA@O WITH@O La@O GOLUMBIA@O GOLLEGE@O"
454,cpb-aacip-259-3j39316x,356356,chyron,Rev. TheodoreMeGarrick ARCHBISHOP OF NEWARK,Rev.@O TheodoreMeGarrick@O ARCHBISHOP@O OF@O NEWARK@O
459,cpb-aacip-189-623bk932,349349,chyron,"William, Pearce","William,@O Pearce@O"
464,cpb-aacip-398-322bvw52,710711,chyron,Recorded Earlier Today,Recorded@O Earlier@O Today@O
465,cpb-aacip-259-4x54hm72,732733,chyron,EGVHS MEN ESHER NIGHTLY NEWS,EGVHS@O MEN@O ESHER@O NIGHTLY@O NEWS@O
469,cpb-aacip-507-7h1dj59628,1769770,chyron,Dallas TTC Dallas al au SMENT,Dallas@O TTC@O Dallas@O al@O au@O SMENT@O
471,cpb-aacip-526-3r0pr7nr8r,194194,chyron,Dudley Eppel Equity Trading Chief tuospieuga Lufkin & Jenrette,Dudley@O Eppel@O Equity@O Trading@O Chief@O tuospieuga@O Lufkin@O &@O Jenrette@O
472,cpb-aacip-507-tq5r786f7w,2382382,chyron,Margaret Warner,Margaret@O Warner@O
473,cpb-aacip-221-03cz924b,1105105,chyron,TIOZAPIOTEH TVNOID3M LS MINOISSINKOS,TIOZAPIOTEH@O TVNOID3M@O LS@O MINOISSINKOS@O
474,cpb-aacip-131-375tb64j,397397,chyron,Nick Reisman NOW $)GANETT,Nick@O Reisman@O NOW@O $)GANETT@O
480,cpb-aacip-259-3n20fq7w,373373,chyron,AFAYETTE SUSSEX GOUNTY,AFAYETTE@O SUSSEX@O GOUNTY@O
481,cpb-aacip-398-87brvczv,134134,chyron,KINSELLA GOLDFARB,KINSELLA@O GOLDFARB@O
482,cpb-aacip-189-784j16n7,107107,chyron,Originally broadeast February,Originally@O broadeast@O February@O
483,cpb-aacip-189-784j16n7,1356356,chyron,Originally broadcast February,Originally@O broadcast@O February@O
485,cpb-aacip-259-3n20fq7w,1192192,chyron,L8E808 ENITX NOISING OF MOTORE VEHICLES,L8E808@O ENITX@O NOISING@O OF@O MOTORE@O VEHICLES@O
486,cpb-aacip-507-154dn40c26,1167167,chyron,SHATETERTERTINTATA VAIDS Medical Foundation,SHATETERTERTINTATA@O VAIDS@O Medical@O Foundation@O
487,cpb-aacip-398-278sfdms,4207207,chyron,GRAND ISHNOONOO RECAP,GRAND@O ISHNOONOO@O RECAP@O
488,cpb-aacip-526-1j9765bd42,659660,chyron,Katie Trotzke,Katie@O Trotzke@O
489,cpb-aacip-507-gm81j9807d,677678,chyron,"DONALD CARTY Senior ""d'A American Airlines","DONALD@O CARTY@O Senior@O ""d'A@O American@O Airlines@O"
495,cpb-aacip-398-72p5hz1h,624625,credits,MARY KAY HARRITY ALAN JACOBS OU PARPPRIP ARHT MIKE LUERY JOHN MUCCI CARLIE QUASNOSK,MARY@O KAY@O HARRITY@O ALAN@O JACOBS@O OU@O PARPPRIP@O ARHT@O MIKE@O LUERY@O JOHN@O MUCCI@O CARLIE@O QUASNOSK@O
500,cpb-aacip-0515ac167c0,1729730,credits,ans HELCI GILLESPIE Girl. CATHE UNRUE,ans@O HELCI@O GILLESPIE@O Girl.@O CATHE@O UNRUE@O
506,cpb-aacip-398-57np5q9c,1181181,chyron,33111WWOD.SNOLLVINdOMddy,33111WWOD.SNOLLVINdOMddy@O
507,cpb-aacip-398-278sfdms,7139139,credits,"AMVNOQW ESTAURANTS OF CONNE RA AVOCO TOLA BUTHING-CO OF MEN AMHQA EAST DE ARTFORD PREIHOFER BAKING CO, HOOBNOS SYSTEMS","AMVNOQW@O ESTAURANTS@O OF@O CONNE@O RA@O AVOCO@O TOLA@O BUTHING-CO@O OF@O MEN@O AMHQA@O EAST@O DE@O ARTFORD@O PREIHOFER@O BAKING@O CO,@O HOOBNOS@O SYSTEMS@O"
508,cpb-aacip-259-4x54hm72,1637638,credits,THE GERALDINE R.DODGE FOUNDATIONS,THE@O GERALDINE@O R.DODGE@O FOUNDATIONS@O
509,cpb-aacip-507-ms3jw87c9c,3456456,credits,Thank You,Thank@O You@O
512,cpb-aacip-259-4x54hm72,1675676,credits,South seofil0/Aesier Provided-By Stockton State abal100,South@O seofil0/Aesier@O Provided-By@O Stockton@O State@O abal100@O
513,cpb-aacip-259-4x54hm72,1634635,credits,THE GERALDINE E9000'8 NOTIVONNOT,THE@O GERALDINE@O E9000'8@O NOTIVONNOT@O
517,cpb-aacip-398-72p5hz1h,621622,credits,FABIENNE MARSH BICKIE MILLER COID CONDENSANCALATT gment JOANNE CARRIER GRACI,FABIENNE@O MARSH@O BICKIE@O MILLER@O COID@O CONDENSANCALATT@O gment@O JOANNE@O CARRIER@O GRACI@O
523,cpb-aacip-398-00ns1wds,1751752,credits,MIDDLESEX MUTUAL ASSURANCE COMPANY,MIDDLESEX@O MUTUAL@O ASSURANCE@O COMPANY@O
527,cpb-aacip-81-902z3f9j,1747748,credits,"executivproducer Johnsliffutchinson, Jr","executivproducer@O Johnsliffutchinson,@O Jr@O"
529,cpb-aacip-526-sb3ws8js1h,1681682,credits,FILM PRODUCTION DIRECTOR CAMERAY-EDITOR NOSUBON JANE ANNOS ULTON,FILM@O PRODUCTION@O DIRECTOR@O CAMERAY-EDITOR@O NOSUBON@O JANE@O ANNOS@O ULTON@O
532,cpb-aacip-259-m32n9b08,1626627,credits,Dy Associente Sueonpouy DANI INVANOON TU GAYS ROSENTI AL CARL JANTOR LE ES LINGER,Dy@O Associente@O Sueonpouy@O DANI@O INVANOON@O TU@O GAYS@O ROSENTI@O AL@O CARL@O JANTOR@O LE@O ES@O LINGER@O
536,cpb-aacip-221-03cz924b,1681682,credits,HAKE-UP HOSTHUOQHAIQJES ELECTRONIC IS3TIL Karen Kaggeyen INTERN/RESEARCHER,HAKE-UP@O HOSTHUOQHAIQJES@O ELECTRONIC@O IS3TIL@O Karen@O Kaggeyen@O INTERN/RESEARCHER@O
537,cpb-aacip-259-4x54hm72,1680681,credits,South saoitic/Kesiar Provided-By Stockton State eba100,South@O saoitic/Kesiar@O Provided-By@O Stockton@O State@O eba100@O
541,cpb-aacip-526-sb3ws8js1h,1687688,credits,"PRODUCTION INVISISSV ASTHIHS 83711dS, TELESCRIPT PREPARATION VIHINAO GROSS TO","PRODUCTION@O INVISISSV@O ASTHIHS@O 83711dS,@O TELESCRIPT@O PREPARATION@O VIHINAO@O GROSS@O TO@O"
542,cpb-aacip-221-03cz924b,1665666,credits,3AIL033X3 M3onaowa Jim Cooper,3AIL033X3@O M3onaowa@O Jim@O Cooper@O
554,cpb-aacip-398-5370s4sx,2901902,credits,"syecial rianks uuofs ut STRAPIWLL puest Associates, Architecs Tettewey Gorporation","syecial@O rianks@O uuofs@O ut@O STRAPIWLL@O puest@O Associates,@O Architecs@O Tettewey@O Gorporation@O"
557,cpb-aacip-507-736m03zh49,3547548,credits,AN Lehrer seaccuatau Ou WNET/WETA MACNEIL/LEHRER PRODUCTIONS They Are Solely Responsible For Its Content.,AN@O Lehrer@O seaccuatau@O Ou@O WNET/WETA@O MACNEIL/LEHRER@O PRODUCTIONS@O They@O Are@O Solely@O Responsible@O For@O Its@O Content.@O
559,cpb-aacip-0515ac167c0,1735736,credits,BEVE BEVER CON,BEVE@O BEVER@O CON@O
563,cpb-aacip-398-278sfdms,7154154,credits,SOCIETY FOR SONIAVS BARRY SQUARE 010SVO'HB19d NURSERYNC TAYLOR RENTAL CENTER OFWEST HARTFORD GLASTONBURY CINZEN,SOCIETY@O FOR@O SONIAVS@O BARRY@O SQUARE@O 010SVO'HB19d@O NURSERYNC@O TAYLOR@O RENTAL@O CENTER@O OFWEST@O HARTFORD@O GLASTONBURY@O CINZEN@O
566,cpb-aacip-283-61rfjj43,3479479,credits,SEATTLE EMERGENCY HOUSING LUTHERAN COMPASS CENTER VOMA OPERATION HOLVMIHDIN MILLIONAIR CLUB KING COUNTY EXTENDED CARE FACILITY M3IA8088VH COMMUNITY MENTAL HEALTH CENTER UNITED WAY OF SEATTLE/KING COUNTY,SEATTLE@O EMERGENCY@O HOUSING@O LUTHERAN@O COMPASS@O CENTER@O VOMA@O OPERATION@O HOLVMIHDIN@O MILLIONAIR@O CLUB@O KING@O COUNTY@O EXTENDED@O CARE@O FACILITY@O M3IA8088VH@O COMMUNITY@O MENTAL@O HEALTH@O CENTER@O UNITED@O WAY@O OF@O SEATTLE/KING@O COUNTY@O
568,cpb-aacip-507-rj48p5w80b,1704705,credits,This Edition: 030000Hd BY SIMET NYWEATIS HEIBOdEL ENON CROSS,This@O Edition:@O 030000Hd@O BY@O SIMET@O NYWEATIS@O HEIBOdEL@O ENON@O CROSS@O
570,cpb-aacip-526-dj58c9s78v,3446446,credits,PRODUCEE BBY Universityof Wisconsin Green Ba WPNE-TV & The Educational suonesummuluog Board,PRODUCEE@O BBY@O Universityof@O Wisconsin@O Green@O Ba@O WPNE-TV@O &@O The@O Educational@O suonesummuluog@O Board@O
574,cpb-aacip-398-278sfdms,3831832,chyron,Tuesday W'd,Tuesday@O W'd@O
576,cpb-aacip-398-5370s4sx,2871872,credits,"audit Francis, Coakley aus garen suIBBICEYPJe off-line editor Andrew Tahlon","audit@O Francis,@O Coakley@O aus@O garen@O suIBBICEYPJe@O off-line@O editor@O Andrew@O Tahlon@O"
578,cpb-aacip-398-278sfdms,3751752,credits,BRARWOOD PRINING CASUALTY AMERICA STAURANT DANNONYOGURT OUH GROWING CNCERN arm an,BRARWOOD@O PRINING@O CASUALTY@O AMERICA@O STAURANT@O DANNONYOGURT@O OUH@O GROWING@O CNCERN@O arm@O an@O
581,cpb-aacip-259-4x54hm72,1666667,credits,CASSANTOUS NHOr P. ENNAM FRANK NETOL GURT FISSEL,CASSANTOUS@O NHOr@O P.@O ENNAM@O FRANK@O NETOL@O GURT@O FISSEL@O
585,cpb-aacip-398-278sfdms,7142142,credits,amist FREHOFERG BAKING CO TT SONECOR TEMS THE DULDNTMAILING BUREAU DMINBURHOTAME CENTER OF MANCHESTER,amist@O FREHOFERG@O BAKING@O CO@O TT@O SONECOR@O TEMS@O THE@O DULDNTMAILING@O BUREAU@O DMINBURHOTAME@O CENTER@O OF@O MANCHESTER@O
586,cpb-aacip-398-278sfdms,7132132,credits,KELLER VERTISING ABACUS BUSINESS 'Signalra INCL EDART TRUCK RENTAL,KELLER@O VERTISING@O ABACUS@O BUSINESS@O 'Signalra@O INCL@O EDART@O TRUCK@O RENTAL@O
588,cpb-aacip-283-61rfjj43,3449449,credits,POST NOFLONGOad SUPERVISOR 166eW. Briggs oranv SUPERVISOR Bill.Fast VIDEOTAPE EDITOR,POST@O NOFLONGOad@O SUPERVISOR@O 166eW.@O Briggs@O oranv@O SUPERVISOR@O Bill.Fast@O VIDEOTAPE@O EDITOR@O
592,cpb-aacip-0515ac167c0,1741742,credits,Musicians TERRY aasi Chor VOISSRO TOBRAS Cello aoc voua ENRIC Piano,Musicians@O TERRY@O aasi@O Chor@O VOISSRO@O TOBRAS@O Cello@O aoc@O voua@O ENRIC@O Piano@O
607,cpb-aacip-221-03cz924b,1684685,credits,139-0000181iem Hea Wilson,139-0000181iem@O Hea@O Wilson@O
611,cpb-aacip-41-10wpzpt5,1790791,credits,Uhit sJaboudw JOHN GUNTE ER Spar JAC,Uhit@O sJaboudw@O JOHN@O GUNTE@O ER@O Spar@O JAC@O
612,cpb-aacip-398-72p5hz1h,630631,credits,JOHN SCHOEN sorip NEWS ARTHUA,JOHN@O SCHOEN@O sorip@O NEWS@O ARTHUA@O
617,cpb-aacip-283-61rfjj43,3424424,credits,PRODUCER/DIRECTOR PIARG Davis,PRODUCER/DIRECTOR@O PIARG@O Davis@O
618,cpb-aacip-283-61rfjj43,3463463,credits,TUNOUFIGGY orany Fugate HOH -Ron Baker Cliff Hackel TVNOILIQUV VIDEO Community for Creative Non-Violence,TUNOUFIGGY@O orany@O Fugate@O HOH@O -Ron@O Baker@O Cliff@O Hackel@O TVNOILIQUV@O VIDEO@O Community@O for@O Creative@O Non-Violence@O
623,cpb-aacip-526-sb3ws8js1h,1008008,chyron,BOB QMO-024ONOTITEINEM TEXAS CARTER CAMPAIGN,BOB@O QMO-024ONOTITEINEM@O TEXAS@O CARTER@O CAMPAIGN@O
626,cpb-aacip-235-5370swqf,1155155,chyron,Science Bowl Co,Science@O Bowl@O Co@O
627,cpb-aacip-398-278sfdms,3737738,credits,"KEIDER ONISINETAGY aur SSINISOB/snovav PRODUCTS, INC. CADET TOHAL DENTAU","KEIDER@O ONISINETAGY@O aur@O SSINISOB/snovav@O PRODUCTS,@O INC.@O CADET@O TOHAL@O DENTAU@O"
629,cpb-aacip-398-72p5hz1h,627628,credits,Production Crew ERMLINDA DE MAJO Su OTEL GRAGI JEFIELO GONS LVES TOM STA HIRIAK JANE LYONS MARTHA MAGNU,Production@O Crew@O ERMLINDA@O DE@O MAJO@O Su@O OTEL@O GRAGI@O JEFIELO@O GONS@O LVES@O TOM@O STA@O HIRIAK@O JANE@O LYONS@O MARTHA@O MAGNU@O
632,cpb-aacip-526-sb3ws8js1h,1106106,chyron,NATIONAL DEMOGRATIC CONVENTION,NATIONAL@O DEMOGRATIC@O CONVENTION@O
634,cpb-aacip-0515ac167c0,1732733,credits,Manss J.DUFF GILLESPIE (HID CATHE HOINO,Manss@O J.DUFF@O GILLESPIE@O (HID@O CATHE@O HOINO@O